CompoundID,ChemOntID,ParentName
Q6669311-1,CHEMONTID:0001016,Cycloalkanes
Q6669311-2,CHEMONTID:0000118,Ketones
Q6669311-2,CHEMONTID:0003940,Organic oxides
Q6669311-2,CHEMONTID:0004150,Hydrocarbon derivatives
Q6669311-3,CHEMONTID:0000118,Ketones
Q6669311-3,CHEMONTID:0003940,Organic oxides
Q6669311-3,CHEMONTID:0004150,Hydrocarbon derivatives
Q6669311-4,CHEMONTID:0000118,Ketones
Q6669311-4,CHEMONTID:0003940,Organic oxides
Q6669311-4,CHEMONTID:0004150,Hydrocarbon derivatives
Q6669311-5,CHEMONTID:0000118,Ketones
Q6669311-5,CHEMONTID:0003940,Organic oxides
Q6669311-5,CHEMONTID:0004150,Hydrocarbon derivatives
Q6669311-6,CHEMONTID:0000118,Ketones
Q6669311-6,CHEMONTID:0003940,Organic oxides
Q6669311-6,CHEMONTID:0004150,Hydrocarbon derivatives
Q6669311-7,CHEMONTID:0000118,Ketones
Q6669311-7,CHEMONTID:0003940,Organic oxides
Q6669311-7,CHEMONTID:0004150,Hydrocarbon derivatives
Q6669311-8,CHEMONTID:0000118,Ketones
Q6669311-8,CHEMONTID:0003940,Organic oxides
Q6669311-8,CHEMONTID:0004150,Hydrocarbon derivatives
Q6669311-9,CHEMONTID:0000118,Ketones
Q6669311-9,CHEMONTID:0003940,Organic oxides
Q6669311-9,CHEMONTID:0004150,Hydrocarbon derivatives
Q6669311-10,CHEMONTID:0000118,Ketones
Q6669311-10,CHEMONTID:0003940,Organic oxides
Q6669311-10,CHEMONTID:0004150,Hydrocarbon derivatives
Q6669311-11,CHEMONTID:0000118,Ketones
Q6669311-11,CHEMONTID:0003940,Organic oxides
Q6669311-11,CHEMONTID:0004150,Hydrocarbon derivatives
Q6669311-12,CHEMONTID:0000118,Ketones
Q6669311-12,CHEMONTID:0003940,Organic oxides
Q6669311-12,CHEMONTID:0004150,Hydrocarbon derivatives
Q6669311-13,CHEMONTID:0000118,Ketones
Q6669311-13,CHEMONTID:0003940,Organic oxides
Q6669311-13,CHEMONTID:0004150,Hydrocarbon derivatives
Q6669311-14,CHEMONTID:0000118,Ketones
Q6669311-14,CHEMONTID:0003940,Organic oxides
Q6669311-14,CHEMONTID:0004150,Hydrocarbon derivatives
Q6669311-15,CHEMONTID:0000118,Ketones
Q6669311-15,CHEMONTID:0003940,Organic oxides
Q6669311-15,CHEMONTID:0004150,Hydrocarbon derivatives
Q6669311-16,CHEMONTID:0000118,Ketones
Q6669311-16,CHEMONTID:0003940,Organic oxides
Q6669311-16,CHEMONTID:0004150,Hydrocarbon derivatives
Q6669311-17,CHEMONTID:0003487,Cyclic ketones
Q6669311-17,CHEMONTID:0003940,Organic oxides
Q6669311-17,CHEMONTID:0004150,Hydrocarbon derivatives
Q6669311-18,CHEMONTID:0001564,Bicyclic monoterpenoids
Q6669311-18,CHEMONTID:0000118,Ketones
Q6669311-18,CHEMONTID:0003940,Organic oxides
Q6669311-18,CHEMONTID:0004150,Hydrocarbon derivatives
Q6669311-19,CHEMONTID:0000286,Primary alcohols
Q6669311-19,CHEMONTID:0004150,Hydrocarbon derivatives
Q6669311-20,CHEMONTID:0000286,Primary alcohols
Q6669311-20,CHEMONTID:0004150,Hydrocarbon derivatives
Q6669311-21,CHEMONTID:0000286,Primary alcohols
Q6669311-21,CHEMONTID:0004150,Hydrocarbon derivatives
Q6669311-22,CHEMONTID:0000286,Primary alcohols
Q6669311-22,CHEMONTID:0004150,Hydrocarbon derivatives
Q6669311-23,CHEMONTID:0000286,Primary alcohols
Q6669311-23,CHEMONTID:0004150,Hydrocarbon derivatives
Q6669311-24,CHEMONTID:0001334,Fatty alcohols
Q6669311-24,CHEMONTID:0000286,Primary alcohols
Q6669311-24,CHEMONTID:0004150,Hydrocarbon derivatives
Q6669311-25,CHEMONTID:0001334,Fatty alcohols
Q6669311-25,CHEMONTID:0000286,Primary alcohols
Q6669311-25,CHEMONTID:0004150,Hydrocarbon derivatives
Q6669311-26,CHEMONTID:0001334,Fatty alcohols
Q6669311-26,CHEMONTID:0000286,Primary alcohols
Q6669311-26,CHEMONTID:0004150,Hydrocarbon derivatives
Q6669311-27,CHEMONTID:0001334,Fatty alcohols
Q6669311-27,CHEMONTID:0000286,Primary alcohols
Q6669311-27,CHEMONTID:0004150,Hydrocarbon derivatives
Q6669311-28,CHEMONTID:0001334,Fatty alcohols
Q6669311-28,CHEMONTID:0000286,Primary alcohols
Q6669311-28,CHEMONTID:0004150,Hydrocarbon derivatives
Q6669311-29,CHEMONTID:0001334,Fatty alcohols
Q6669311-29,CHEMONTID:0000286,Primary alcohols
Q6669311-29,CHEMONTID:0004150,Hydrocarbon derivatives
Q6669311-30,CHEMONTID:0001334,Fatty alcohols
Q6669311-30,CHEMONTID:0000286,Primary alcohols
Q6669311-30,CHEMONTID:0004150,Hydrocarbon derivatives
Q6669311-31,CHEMONTID:0001661,Secondary alcohols
Q6669311-31,CHEMONTID:0004150,Hydrocarbon derivatives
Q6669311-32,CHEMONTID:0001661,Secondary alcohols
Q6669311-32,CHEMONTID:0004150,Hydrocarbon derivatives
Q6669311-33,CHEMONTID:0001334,Fatty alcohols
Q6669311-33,CHEMONTID:0000286,Primary alcohols
Q6669311-33,CHEMONTID:0004150,Hydrocarbon derivatives
Q6669311-34,CHEMONTID:0000286,Primary alcohols
Q6669311-34,CHEMONTID:0004150,Hydrocarbon derivatives
Q6669311-35,CHEMONTID:0001670,Tertiary alcohols
Q6669311-35,CHEMONTID:0004150,Hydrocarbon derivatives
Q6669311-36,CHEMONTID:0001661,Secondary alcohols
Q6669311-36,CHEMONTID:0004150,Hydrocarbon derivatives
Q6669311-37,CHEMONTID:0001670,Tertiary alcohols
Q6669311-37,CHEMONTID:0004150,Hydrocarbon derivatives
Q6669311-38,CHEMONTID:0002647,Cyclohexanols
Q6669311-38,CHEMONTID:0001292,Cyclic alcohols and derivatives
Q6669311-38,CHEMONTID:0004150,Hydrocarbon derivatives
Q6669311-39,CHEMONTID:0001167,Dialkyl ethers
Q6669311-39,CHEMONTID:0000286,Primary alcohols
Q6669311-39,CHEMONTID:0004150,Hydrocarbon derivatives
Q6669311-40,CHEMONTID:0002467,"1,2-diols"
Q6669311-40,CHEMONTID:0000286,Primary alcohols
Q6669311-40,CHEMONTID:0004150,Hydrocarbon derivatives
Q6669311-41,CHEMONTID:0001670,Tertiary alcohols
Q6669311-41,CHEMONTID:0001661,Secondary alcohols
Q6669311-41,CHEMONTID:0004150,Hydrocarbon derivatives
Q6669311-42,CHEMONTID:0002467,"1,2-diols"
Q6669311-42,CHEMONTID:0001661,Secondary alcohols
Q6669311-42,CHEMONTID:0000286,Primary alcohols
Q6669311-42,CHEMONTID:0004150,Hydrocarbon derivatives
Q6669311-43,CHEMONTID:0001401,Menthane monoterpenoids
Q6669311-43,CHEMONTID:0001563,Monocyclic monoterpenoids
Q6669311-43,CHEMONTID:0002647,Cyclohexanols
Q6669311-43,CHEMONTID:0001292,Cyclic alcohols and derivatives
Q6669311-43,CHEMONTID:0004150,Hydrocarbon derivatives
Q6669311-44,CHEMONTID:0004157,Halomethanes
Q6669311-44,CHEMONTID:0001516,Organochlorides
Q6669311-44,CHEMONTID:0004150,Hydrocarbon derivatives
Q6669311-44,CHEMONTID:0001026,Alkyl chlorides
Q6669311-45,CHEMONTID:0004160,Trihalomethanes
Q6669311-45,CHEMONTID:0001516,Organochlorides
Q6669311-45,CHEMONTID:0004150,Hydrocarbon derivatives
Q6669311-45,CHEMONTID:0001026,Alkyl chlorides
Q6669311-46,CHEMONTID:0004157,Halomethanes
Q6669311-46,CHEMONTID:0001516,Organochlorides
Q6669311-46,CHEMONTID:0004150,Hydrocarbon derivatives
Q6669311-46,CHEMONTID:0001026,Alkyl chlorides
Q6669311-47,CHEMONTID:0001516,Organochlorides
Q6669311-47,CHEMONTID:0004150,Hydrocarbon derivatives
Q6669311-47,CHEMONTID:0001026,Alkyl chlorides
Q6669311-48,CHEMONTID:0001516,Organochlorides
Q6669311-48,CHEMONTID:0004150,Hydrocarbon derivatives
Q6669311-48,CHEMONTID:0001026,Alkyl chlorides
Q6669311-49,CHEMONTID:0001516,Organochlorides
Q6669311-49,CHEMONTID:0004150,Hydrocarbon derivatives
Q6669311-49,CHEMONTID:0001026,Alkyl chlorides
Q6669311-50,CHEMONTID:0001516,Organochlorides
Q6669311-50,CHEMONTID:0004150,Hydrocarbon derivatives
Q6669311-50,CHEMONTID:0001026,Alkyl chlorides
Q6669311-51,CHEMONTID:0001516,Organochlorides
Q6669311-51,CHEMONTID:0004150,Hydrocarbon derivatives
Q6669311-51,CHEMONTID:0001026,Alkyl chlorides
Q6669311-52,CHEMONTID:0001516,Organochlorides
Q6669311-52,CHEMONTID:0004150,Hydrocarbon derivatives
Q6669311-52,CHEMONTID:0001026,Alkyl chlorides
Q6669311-53,CHEMONTID:0004485,Cyclohexyl halides
Q6669311-53,CHEMONTID:0001516,Organochlorides
Q6669311-53,CHEMONTID:0004150,Hydrocarbon derivatives
Q6669311-53,CHEMONTID:0001026,Alkyl chlorides
Q6669311-54,CHEMONTID:0001516,Organochlorides
Q6669311-54,CHEMONTID:0004150,Hydrocarbon derivatives
Q6669311-54,CHEMONTID:0001026,Alkyl chlorides
Q6669311-55,CHEMONTID:0001516,Organochlorides
Q6669311-55,CHEMONTID:0004150,Hydrocarbon derivatives
Q6669311-55,CHEMONTID:0001026,Alkyl chlorides
Q6669311-56,CHEMONTID:0001516,Organochlorides
Q6669311-56,CHEMONTID:0004150,Hydrocarbon derivatives
Q6669311-56,CHEMONTID:0001026,Alkyl chlorides
Q6669311-57,CHEMONTID:0001516,Organochlorides
Q6669311-57,CHEMONTID:0004150,Hydrocarbon derivatives
Q6669311-57,CHEMONTID:0001026,Alkyl chlorides
Q6669311-58,CHEMONTID:0001516,Organochlorides
Q6669311-58,CHEMONTID:0004150,Hydrocarbon derivatives
Q6669311-58,CHEMONTID:0001026,Alkyl chlorides
Q6669311-59,CHEMONTID:0000286,Primary alcohols
Q6669311-59,CHEMONTID:0001516,Organochlorides
Q6669311-59,CHEMONTID:0004150,Hydrocarbon derivatives
Q6669311-59,CHEMONTID:0001026,Alkyl chlorides
Q6669311-60,CHEMONTID:0002608,Chlorohydrins
Q6669311-60,CHEMONTID:0000286,Primary alcohols
Q6669311-60,CHEMONTID:0001516,Organochlorides
Q6669311-60,CHEMONTID:0004150,Hydrocarbon derivatives
Q6669311-60,CHEMONTID:0001026,Alkyl chlorides
Q6669311-61,CHEMONTID:0001670,Tertiary alcohols
Q6669311-61,CHEMONTID:0002608,Chlorohydrins
Q6669311-61,CHEMONTID:0001516,Organochlorides
Q6669311-61,CHEMONTID:0004150,Hydrocarbon derivatives
Q6669311-61,CHEMONTID:0001026,Alkyl chlorides
Q6669311-62,CHEMONTID:0001515,Organobromides
Q6669311-62,CHEMONTID:0004150,Hydrocarbon derivatives
Q6669311-62,CHEMONTID:0001025,Alkyl bromides
Q6669311-63,CHEMONTID:0001515,Organobromides
Q6669311-63,CHEMONTID:0004150,Hydrocarbon derivatives
Q6669311-63,CHEMONTID:0001025,Alkyl bromides
Q6669311-64,CHEMONTID:0001515,Organobromides
Q6669311-64,CHEMONTID:0004150,Hydrocarbon derivatives
Q6669311-64,CHEMONTID:0001025,Alkyl bromides
Q6669311-65,CHEMONTID:0001515,Organobromides
Q6669311-65,CHEMONTID:0004150,Hydrocarbon derivatives
Q6669311-65,CHEMONTID:0001025,Alkyl bromides
Q6669311-66,CHEMONTID:0001515,Organobromides
Q6669311-66,CHEMONTID:0004150,Hydrocarbon derivatives
Q6669311-66,CHEMONTID:0001025,Alkyl bromides
Q6669311-67,CHEMONTID:0001515,Organobromides
Q6669311-67,CHEMONTID:0004150,Hydrocarbon derivatives
Q6669311-67,CHEMONTID:0001025,Alkyl bromides
Q6669311-68,CHEMONTID:0000469,Monoalkylamines
Q6669311-68,CHEMONTID:0004557,Organopnictogen compounds
Q6669311-68,CHEMONTID:0004150,Hydrocarbon derivatives
Q6669311-69,CHEMONTID:0000469,Monoalkylamines
Q6669311-69,CHEMONTID:0004557,Organopnictogen compounds
Q6669311-69,CHEMONTID:0004150,Hydrocarbon derivatives
Q6669311-70,CHEMONTID:0000469,Monoalkylamines
Q6669311-70,CHEMONTID:0004557,Organopnictogen compounds
Q6669311-70,CHEMONTID:0004150,Hydrocarbon derivatives
Q6669311-71,CHEMONTID:0000469,Monoalkylamines
Q6669311-71,CHEMONTID:0004557,Organopnictogen compounds
Q6669311-71,CHEMONTID:0004150,Hydrocarbon derivatives
Q6669311-72,CHEMONTID:0000469,Monoalkylamines
Q6669311-72,CHEMONTID:0004557,Organopnictogen compounds
Q6669311-72,CHEMONTID:0004150,Hydrocarbon derivatives
Q6669311-73,CHEMONTID:0000469,Monoalkylamines
Q6669311-73,CHEMONTID:0004557,Organopnictogen compounds
Q6669311-73,CHEMONTID:0004150,Hydrocarbon derivatives
Q6669311-74,CHEMONTID:0000469,Monoalkylamines
Q6669311-74,CHEMONTID:0004557,Organopnictogen compounds
Q6669311-74,CHEMONTID:0004150,Hydrocarbon derivatives
Q6669311-75,CHEMONTID:0000469,Monoalkylamines
Q6669311-75,CHEMONTID:0004557,Organopnictogen compounds
Q6669311-75,CHEMONTID:0003931,Organic chloride salts
Q6669311-75,CHEMONTID:0004150,Hydrocarbon derivatives
Q6669311-76,CHEMONTID:0000469,Monoalkylamines
Q6669311-76,CHEMONTID:0004557,Organopnictogen compounds
Q6669311-76,CHEMONTID:0004150,Hydrocarbon derivatives
Q6669311-77,CHEMONTID:0000469,Monoalkylamines
Q6669311-77,CHEMONTID:0004557,Organopnictogen compounds
Q6669311-77,CHEMONTID:0004150,Hydrocarbon derivatives
Q6669311-78,CHEMONTID:0000469,Monoalkylamines
Q6669311-78,CHEMONTID:0004557,Organopnictogen compounds
Q6669311-78,CHEMONTID:0004150,Hydrocarbon derivatives
Q6669311-79,CHEMONTID:0000469,Monoalkylamines
Q6669311-79,CHEMONTID:0004557,Organopnictogen compounds
Q6669311-79,CHEMONTID:0004150,Hydrocarbon derivatives
Q6669311-80,CHEMONTID:0000469,Monoalkylamines
Q6669311-80,CHEMONTID:0004557,Organopnictogen compounds
Q6669311-80,CHEMONTID:0004150,Hydrocarbon derivatives
Q6669311-81,CHEMONTID:0000469,Monoalkylamines
Q6669311-81,CHEMONTID:0004557,Organopnictogen compounds
Q6669311-81,CHEMONTID:0004150,Hydrocarbon derivatives
Q6669311-82,CHEMONTID:0000469,Monoalkylamines
Q6669311-82,CHEMONTID:0004557,Organopnictogen compounds
Q6669311-82,CHEMONTID:0004150,Hydrocarbon derivatives
Q6669311-83,CHEMONTID:0000469,Monoalkylamines
Q6669311-83,CHEMONTID:0004557,Organopnictogen compounds
Q6669311-83,CHEMONTID:0004150,Hydrocarbon derivatives
Q6669311-84,CHEMONTID:0000469,Monoalkylamines
Q6669311-84,CHEMONTID:0004557,Organopnictogen compounds
Q6669311-84,CHEMONTID:0004150,Hydrocarbon derivatives
Q6669311-85,CHEMONTID:0000469,Monoalkylamines
Q6669311-85,CHEMONTID:0004557,Organopnictogen compounds
Q6669311-85,CHEMONTID:0004150,Hydrocarbon derivatives
Q6669311-86,CHEMONTID:0001897,"1,2-aminoalcohols"
Q6669311-86,CHEMONTID:0000286,Primary alcohols
Q6669311-86,CHEMONTID:0004557,Organopnictogen compounds
Q6669311-86,CHEMONTID:0000469,Monoalkylamines
Q6669311-86,CHEMONTID:0004150,Hydrocarbon derivatives
Q6669311-87,CHEMONTID:0001897,"1,2-aminoalcohols"
Q6669311-87,CHEMONTID:0001661,Secondary alcohols
Q6669311-87,CHEMONTID:0004557,Organopnictogen compounds
Q6669311-87,CHEMONTID:0000469,Monoalkylamines
Q6669311-87,CHEMONTID:0004150,Hydrocarbon derivatives
Q6669311-88,CHEMONTID:0001167,Dialkyl ethers
Q6669311-88,CHEMONTID:0004557,Organopnictogen compounds
Q6669311-88,CHEMONTID:0000469,Monoalkylamines
Q6669311-88,CHEMONTID:0004150,Hydrocarbon derivatives
Q6669311-89,CHEMONTID:0002228,Dialkylamines
Q6669311-89,CHEMONTID:0004557,Organopnictogen compounds
Q6669311-89,CHEMONTID:0004150,Hydrocarbon derivatives
Q6669311-90,CHEMONTID:0002228,Dialkylamines
Q6669311-90,CHEMONTID:0004557,Organopnictogen compounds
Q6669311-90,CHEMONTID:0004150,Hydrocarbon derivatives
Q6669311-91,CHEMONTID:0001897,"1,2-aminoalcohols"
Q6669311-91,CHEMONTID:0002228,Dialkylamines
Q6669311-91,CHEMONTID:0000286,Primary alcohols
Q6669311-91,CHEMONTID:0004557,Organopnictogen compounds
Q6669311-91,CHEMONTID:0004150,Hydrocarbon derivatives
Q6669311-92,CHEMONTID:0001897,"1,2-aminoalcohols"
Q6669311-92,CHEMONTID:0002239,Trialkylamines
Q6669311-92,CHEMONTID:0000286,Primary alcohols
Q6669311-92,CHEMONTID:0004557,Organopnictogen compounds
Q6669311-92,CHEMONTID:0004150,Hydrocarbon derivatives
Q6669311-93,CHEMONTID:0001897,"1,2-aminoalcohols"
Q6669311-93,CHEMONTID:0002239,Trialkylamines
Q6669311-93,CHEMONTID:0000286,Primary alcohols
Q6669311-93,CHEMONTID:0004557,Organopnictogen compounds
Q6669311-93,CHEMONTID:0004150,Hydrocarbon derivatives
Q6669311-94,CHEMONTID:0001118,Gamma-amino ketones
Q6669311-94,CHEMONTID:0002239,Trialkylamines
Q6669311-94,CHEMONTID:0004557,Organopnictogen compounds
Q6669311-94,CHEMONTID:0003940,Organic oxides
Q6669311-94,CHEMONTID:0004150,Hydrocarbon derivatives
Q6669311-95,CHEMONTID:0002239,Trialkylamines
Q6669311-95,CHEMONTID:0004557,Organopnictogen compounds
Q6669311-95,CHEMONTID:0004150,Hydrocarbon derivatives
Q6669311-96,CHEMONTID:0002674,Cyclohexylamines
Q6669311-96,CHEMONTID:0002239,Trialkylamines
Q6669311-96,CHEMONTID:0004557,Organopnictogen compounds
Q6669311-96,CHEMONTID:0004150,Hydrocarbon derivatives
Q6669311-97,CHEMONTID:0003357,N-alkylpiperazines
Q6669311-97,CHEMONTID:0002239,Trialkylamines
Q6669311-97,CHEMONTID:0001897,"1,2-aminoalcohols"
Q6669311-97,CHEMONTID:0002228,Dialkylamines
Q6669311-97,CHEMONTID:0004139,Azacyclic compounds
Q6669311-97,CHEMONTID:0000286,Primary alcohols
Q6669311-97,CHEMONTID:0004557,Organopnictogen compounds
Q6669311-97,CHEMONTID:0004150,Hydrocarbon derivatives
Q6669311-98,CHEMONTID:0003357,N-alkylpiperazines
Q6669311-98,CHEMONTID:0002239,Trialkylamines
Q6669311-98,CHEMONTID:0002228,Dialkylamines
Q6669311-98,CHEMONTID:0004139,Azacyclic compounds
Q6669311-98,CHEMONTID:0004557,Organopnictogen compounds
Q6669311-98,CHEMONTID:0000469,Monoalkylamines
Q6669311-98,CHEMONTID:0004150,Hydrocarbon derivatives
Q6669311-99,CHEMONTID:0000469,Monoalkylamines
Q6669311-99,CHEMONTID:0004557,Organopnictogen compounds
Q6669311-99,CHEMONTID:0004150,Hydrocarbon derivatives
Q6669311-100,CHEMONTID:0000469,Monoalkylamines
Q6669311-100,CHEMONTID:0004557,Organopnictogen compounds
Q6669311-100,CHEMONTID:0004150,Hydrocarbon derivatives
Q6669311-101,CHEMONTID:0003079,Ketoximes
Q6669311-101,CHEMONTID:0004557,Organopnictogen compounds
Q6669311-101,CHEMONTID:0004603,Organic oxygen compounds
Q6669311-101,CHEMONTID:0004150,Hydrocarbon derivatives
Q6669311-102,CHEMONTID:0003079,Ketoximes
Q6669311-102,CHEMONTID:0004557,Organopnictogen compounds
Q6669311-102,CHEMONTID:0004603,Organic oxygen compounds
Q6669311-102,CHEMONTID:0004150,Hydrocarbon derivatives
Q6669311-103,CHEMONTID:0003079,Ketoximes
Q6669311-103,CHEMONTID:0004557,Organopnictogen compounds
Q6669311-103,CHEMONTID:0004603,Organic oxygen compounds
Q6669311-103,CHEMONTID:0004150,Hydrocarbon derivatives
Q6669311-104,CHEMONTID:0001664,Tertiary carboxylic acid amides
Q6669311-104,CHEMONTID:0004557,Organopnictogen compounds
Q6669311-104,CHEMONTID:0000278,Organonitrogen compounds
Q6669311-104,CHEMONTID:0003940,Organic oxides
Q6669311-104,CHEMONTID:0004150,Hydrocarbon derivatives
Q6669311-104,CHEMONTID:0001831,Carbonyl compounds
Q6669311-105,CHEMONTID:0001664,Tertiary carboxylic acid amides
Q6669311-105,CHEMONTID:0004557,Organopnictogen compounds
Q6669311-105,CHEMONTID:0000278,Organonitrogen compounds
Q6669311-105,CHEMONTID:0003940,Organic oxides
Q6669311-105,CHEMONTID:0004150,Hydrocarbon derivatives
Q6669311-105,CHEMONTID:0001831,Carbonyl compounds
Q6669311-106,CHEMONTID:0001167,Dialkyl ethers
Q6669311-106,CHEMONTID:0004150,Hydrocarbon derivatives
Q6669311-107,CHEMONTID:0001167,Dialkyl ethers
Q6669311-107,CHEMONTID:0004150,Hydrocarbon derivatives
Q6669311-108,CHEMONTID:0001167,Dialkyl ethers
Q6669311-108,CHEMONTID:0004150,Hydrocarbon derivatives
Q6669311-109,CHEMONTID:0001167,Dialkyl ethers
Q6669311-109,CHEMONTID:0004150,Hydrocarbon derivatives
Q6669311-110,CHEMONTID:0001167,Dialkyl ethers
Q6669311-110,CHEMONTID:0004150,Hydrocarbon derivatives
Q6669311-111,CHEMONTID:0001656,Acetals
Q6669311-111,CHEMONTID:0004150,Hydrocarbon derivatives
Q6669311-112,CHEMONTID:0001313,"1,4-dioxanes"
Q6669311-112,CHEMONTID:0004140,Oxacyclic compounds
Q6669311-112,CHEMONTID:0001167,Dialkyl ethers
Q6669311-112,CHEMONTID:0004150,Hydrocarbon derivatives
Q6669311-113,CHEMONTID:0001853,Trioxanes
Q6669311-113,CHEMONTID:0004140,Oxacyclic compounds
Q6669311-113,CHEMONTID:0001656,Acetals
Q6669311-113,CHEMONTID:0004150,Hydrocarbon derivatives
Q6669311-114,CHEMONTID:0002648,Tetrahydrofurans
Q6669311-114,CHEMONTID:0004140,Oxacyclic compounds
Q6669311-114,CHEMONTID:0001167,Dialkyl ethers
Q6669311-114,CHEMONTID:0004150,Hydrocarbon derivatives
Q6669311-115,CHEMONTID:0002012,Oxanes
Q6669311-115,CHEMONTID:0004140,Oxacyclic compounds
Q6669311-115,CHEMONTID:0001167,Dialkyl ethers
Q6669311-115,CHEMONTID:0004150,Hydrocarbon derivatives
Q6669311-116,CHEMONTID:0001205,Carboxylic acids
Q6669311-116,CHEMONTID:0001137,Monocarboxylic acids and derivatives
Q6669311-116,CHEMONTID:0003940,Organic oxides
Q6669311-116,CHEMONTID:0004150,Hydrocarbon derivatives
Q6669311-116,CHEMONTID:0001831,Carbonyl compounds
Q6669311-117,CHEMONTID:0000333,Straight chain fatty acids
Q6669311-117,CHEMONTID:0001137,Monocarboxylic acids and derivatives
Q6669311-117,CHEMONTID:0001205,Carboxylic acids
Q6669311-117,CHEMONTID:0003940,Organic oxides
Q6669311-117,CHEMONTID:0004150,Hydrocarbon derivatives
Q6669311-117,CHEMONTID:0001831,Carbonyl compounds
Q6669311-118,CHEMONTID:0003086,Medium-chain fatty acids
Q6669311-118,CHEMONTID:0000333,Straight chain fatty acids
Q6669311-118,CHEMONTID:0001137,Monocarboxylic acids and derivatives
Q6669311-118,CHEMONTID:0001205,Carboxylic acids
Q6669311-118,CHEMONTID:0003940,Organic oxides
Q6669311-118,CHEMONTID:0004150,Hydrocarbon derivatives
Q6669311-118,CHEMONTID:0001831,Carbonyl compounds
Q6669311-119,CHEMONTID:0003086,Medium-chain fatty acids
Q6669311-119,CHEMONTID:0000333,Straight chain fatty acids
Q6669311-119,CHEMONTID:0001137,Monocarboxylic acids and derivatives
Q6669311-119,CHEMONTID:0001205,Carboxylic acids
Q6669311-119,CHEMONTID:0003940,Organic oxides
Q6669311-119,CHEMONTID:0004150,Hydrocarbon derivatives
Q6669311-119,CHEMONTID:0001831,Carbonyl compounds
Q6669311-120,CHEMONTID:0003086,Medium-chain fatty acids
Q6669311-120,CHEMONTID:0000346,Dicarboxylic acids and derivatives
Q6669311-120,CHEMONTID:0001205,Carboxylic acids
Q6669311-120,CHEMONTID:0003940,Organic oxides
Q6669311-120,CHEMONTID:0004150,Hydrocarbon derivatives
Q6669311-120,CHEMONTID:0001831,Carbonyl compounds
Q6669311-121,CHEMONTID:0002230,Short-chain aldehydes
Q6669311-121,CHEMONTID:0003940,Organic oxides
Q6669311-121,CHEMONTID:0004150,Hydrocarbon derivatives
Q6669311-122,CHEMONTID:0002434,Alpha-hydrogen aldehydes
Q6669311-122,CHEMONTID:0002230,Short-chain aldehydes
Q6669311-122,CHEMONTID:0003940,Organic oxides
Q6669311-122,CHEMONTID:0004150,Hydrocarbon derivatives
Q6669311-123,CHEMONTID:0002434,Alpha-hydrogen aldehydes
Q6669311-123,CHEMONTID:0002230,Short-chain aldehydes
Q6669311-123,CHEMONTID:0003940,Organic oxides
Q6669311-123,CHEMONTID:0004150,Hydrocarbon derivatives
Q6669311-124,CHEMONTID:0002229,Medium-chain aldehydes
Q6669311-124,CHEMONTID:0002434,Alpha-hydrogen aldehydes
Q6669311-124,CHEMONTID:0003940,Organic oxides
Q6669311-124,CHEMONTID:0004150,Hydrocarbon derivatives
Q6669311-125,CHEMONTID:0002434,Alpha-hydrogen aldehydes
Q6669311-125,CHEMONTID:0002230,Short-chain aldehydes
Q6669311-125,CHEMONTID:0003940,Organic oxides
Q6669311-125,CHEMONTID:0004150,Hydrocarbon derivatives
Q6669311-126,CHEMONTID:0002434,Alpha-hydrogen aldehydes
Q6669311-126,CHEMONTID:0002230,Short-chain aldehydes
Q6669311-126,CHEMONTID:0003940,Organic oxides
Q6669311-126,CHEMONTID:0004150,Hydrocarbon derivatives
Q6669311-127,CHEMONTID:0002230,Short-chain aldehydes
Q6669311-127,CHEMONTID:0003940,Organic oxides
Q6669311-127,CHEMONTID:0004150,Hydrocarbon derivatives
Q6669311-128,CHEMONTID:0001238,Carboxylic acid esters
Q6669311-128,CHEMONTID:0001137,Monocarboxylic acids and derivatives
Q6669311-128,CHEMONTID:0003940,Organic oxides
Q6669311-128,CHEMONTID:0004150,Hydrocarbon derivatives
Q6669311-128,CHEMONTID:0001831,Carbonyl compounds
Q6669311-129,CHEMONTID:0003416,Methyl esters
Q6669311-129,CHEMONTID:0001137,Monocarboxylic acids and derivatives
Q6669311-129,CHEMONTID:0003940,Organic oxides
Q6669311-129,CHEMONTID:0004150,Hydrocarbon derivatives
Q6669311-129,CHEMONTID:0001831,Carbonyl compounds
Q6669311-130,CHEMONTID:0000324,Fatty acid esters
Q6669311-130,CHEMONTID:0001238,Carboxylic acid esters
Q6669311-130,CHEMONTID:0001137,Monocarboxylic acids and derivatives
Q6669311-130,CHEMONTID:0003940,Organic oxides
Q6669311-130,CHEMONTID:0004150,Hydrocarbon derivatives
Q6669311-130,CHEMONTID:0001831,Carbonyl compounds
Q6669311-131,CHEMONTID:0001238,Carboxylic acid esters
Q6669311-131,CHEMONTID:0001137,Monocarboxylic acids and derivatives
Q6669311-131,CHEMONTID:0003940,Organic oxides
Q6669311-131,CHEMONTID:0004150,Hydrocarbon derivatives
Q6669311-131,CHEMONTID:0001831,Carbonyl compounds
Q6669311-132,CHEMONTID:0001238,Carboxylic acid esters
Q6669311-132,CHEMONTID:0001137,Monocarboxylic acids and derivatives
Q6669311-132,CHEMONTID:0003940,Organic oxides
Q6669311-132,CHEMONTID:0004150,Hydrocarbon derivatives
Q6669311-132,CHEMONTID:0001831,Carbonyl compounds
Q6669311-133,CHEMONTID:0001238,Carboxylic acid esters
Q6669311-133,CHEMONTID:0001137,Monocarboxylic acids and derivatives
Q6669311-133,CHEMONTID:0003940,Organic oxides
Q6669311-133,CHEMONTID:0004150,Hydrocarbon derivatives
Q6669311-133,CHEMONTID:0001831,Carbonyl compounds
Q6669311-134,CHEMONTID:0000324,Fatty acid esters
Q6669311-134,CHEMONTID:0001238,Carboxylic acid esters
Q6669311-134,CHEMONTID:0001137,Monocarboxylic acids and derivatives
Q6669311-134,CHEMONTID:0003940,Organic oxides
Q6669311-134,CHEMONTID:0004150,Hydrocarbon derivatives
Q6669311-134,CHEMONTID:0001831,Carbonyl compounds
Q6669311-135,CHEMONTID:0001238,Carboxylic acid esters
Q6669311-135,CHEMONTID:0001137,Monocarboxylic acids and derivatives
Q6669311-135,CHEMONTID:0003940,Organic oxides
Q6669311-135,CHEMONTID:0004150,Hydrocarbon derivatives
Q6669311-135,CHEMONTID:0001831,Carbonyl compounds
Q6669311-136,CHEMONTID:0001238,Carboxylic acid esters
Q6669311-136,CHEMONTID:0001137,Monocarboxylic acids and derivatives
Q6669311-136,CHEMONTID:0001167,Dialkyl ethers
Q6669311-136,CHEMONTID:0003940,Organic oxides
Q6669311-136,CHEMONTID:0004150,Hydrocarbon derivatives
Q6669311-136,CHEMONTID:0001831,Carbonyl compounds
Q6669311-137,CHEMONTID:0000346,Dicarboxylic acids and derivatives
Q6669311-137,CHEMONTID:0000133,"1,3-dicarbonyl compounds"
Q6669311-137,CHEMONTID:0003416,Methyl esters
Q6669311-137,CHEMONTID:0003940,Organic oxides
Q6669311-137,CHEMONTID:0004150,Hydrocarbon derivatives
Q6669311-138,CHEMONTID:0001713,Beta hydroxy acids and derivatives
Q6669311-138,CHEMONTID:0000324,Fatty acid esters
Q6669311-138,CHEMONTID:0001540,Monosaccharides
Q6669311-138,CHEMONTID:0000346,Dicarboxylic acids and derivatives
Q6669311-138,CHEMONTID:0001661,Secondary alcohols
Q6669311-138,CHEMONTID:0001238,Carboxylic acid esters
Q6669311-138,CHEMONTID:0002467,"1,2-diols"
Q6669311-138,CHEMONTID:0003940,Organic oxides
Q6669311-138,CHEMONTID:0004150,Hydrocarbon derivatives
Q6669311-138,CHEMONTID:0001831,Carbonyl compounds
Q6669311-139,CHEMONTID:0000346,Dicarboxylic acids and derivatives
Q6669311-139,CHEMONTID:0000133,"1,3-dicarbonyl compounds"
Q6669311-139,CHEMONTID:0001238,Carboxylic acid esters
Q6669311-139,CHEMONTID:0003940,Organic oxides
Q6669311-139,CHEMONTID:0004150,Hydrocarbon derivatives
Q6669311-140,CHEMONTID:0000324,Fatty acid esters
Q6669311-140,CHEMONTID:0000346,Dicarboxylic acids and derivatives
Q6669311-140,CHEMONTID:0001238,Carboxylic acid esters
Q6669311-140,CHEMONTID:0003940,Organic oxides
Q6669311-140,CHEMONTID:0004150,Hydrocarbon derivatives
Q6669311-140,CHEMONTID:0001831,Carbonyl compounds
Q6669311-141,CHEMONTID:0000324,Fatty acid esters
Q6669311-141,CHEMONTID:0000346,Dicarboxylic acids and derivatives
Q6669311-141,CHEMONTID:0001238,Carboxylic acid esters
Q6669311-141,CHEMONTID:0003940,Organic oxides
Q6669311-141,CHEMONTID:0004150,Hydrocarbon derivatives
Q6669311-141,CHEMONTID:0001831,Carbonyl compounds
Q6669311-142,CHEMONTID:0000324,Fatty acid esters
Q6669311-142,CHEMONTID:0000346,Dicarboxylic acids and derivatives
Q6669311-142,CHEMONTID:0001238,Carboxylic acid esters
Q6669311-142,CHEMONTID:0003940,Organic oxides
Q6669311-142,CHEMONTID:0004150,Hydrocarbon derivatives
Q6669311-142,CHEMONTID:0001831,Carbonyl compounds
Q6669311-143,CHEMONTID:0000324,Fatty acid esters
Q6669311-143,CHEMONTID:0000346,Dicarboxylic acids and derivatives
Q6669311-143,CHEMONTID:0001238,Carboxylic acid esters
Q6669311-143,CHEMONTID:0003940,Organic oxides
Q6669311-143,CHEMONTID:0004150,Hydrocarbon derivatives
Q6669311-143,CHEMONTID:0001831,Carbonyl compounds
Q6669311-144,CHEMONTID:0004452,Acrylic acid esters
Q6669311-144,CHEMONTID:0003626,Enoate esters
Q6669311-144,CHEMONTID:0001137,Monocarboxylic acids and derivatives
Q6669311-144,CHEMONTID:0000286,Primary alcohols
Q6669311-144,CHEMONTID:0003940,Organic oxides
Q6669311-144,CHEMONTID:0004150,Hydrocarbon derivatives
Q6669311-144,CHEMONTID:0001831,Carbonyl compounds
Q6669311-145,CHEMONTID:0004452,Acrylic acid esters
Q6669311-145,CHEMONTID:0003626,Enoate esters
Q6669311-145,CHEMONTID:0001137,Monocarboxylic acids and derivatives
Q6669311-145,CHEMONTID:0003940,Organic oxides
Q6669311-145,CHEMONTID:0004150,Hydrocarbon derivatives
Q6669311-145,CHEMONTID:0001831,Carbonyl compounds
Q6669311-146,CHEMONTID:0004452,Acrylic acid esters
Q6669311-146,CHEMONTID:0003626,Enoate esters
Q6669311-146,CHEMONTID:0001137,Monocarboxylic acids and derivatives
Q6669311-146,CHEMONTID:0003940,Organic oxides
Q6669311-146,CHEMONTID:0004150,Hydrocarbon derivatives
Q6669311-146,CHEMONTID:0001831,Carbonyl compounds
Q6669311-147,CHEMONTID:0004452,Acrylic acid esters
Q6669311-147,CHEMONTID:0003626,Enoate esters
Q6669311-147,CHEMONTID:0001661,Secondary alcohols
Q6669311-147,CHEMONTID:0001137,Monocarboxylic acids and derivatives
Q6669311-147,CHEMONTID:0003940,Organic oxides
Q6669311-147,CHEMONTID:0004150,Hydrocarbon derivatives
Q6669311-147,CHEMONTID:0001831,Carbonyl compounds
Q6669311-148,CHEMONTID:0003626,Enoate esters
Q6669311-148,CHEMONTID:0001137,Monocarboxylic acids and derivatives
Q6669311-148,CHEMONTID:0000286,Primary alcohols
Q6669311-148,CHEMONTID:0003940,Organic oxides
Q6669311-148,CHEMONTID:0004150,Hydrocarbon derivatives
Q6669311-148,CHEMONTID:0001831,Carbonyl compounds
Q6669311-149,CHEMONTID:0003626,Enoate esters
Q6669311-149,CHEMONTID:0003416,Methyl esters
Q6669311-149,CHEMONTID:0001137,Monocarboxylic acids and derivatives
Q6669311-149,CHEMONTID:0003940,Organic oxides
Q6669311-149,CHEMONTID:0004150,Hydrocarbon derivatives
Q6669311-149,CHEMONTID:0001831,Carbonyl compounds
Q6669311-150,CHEMONTID:0000362,Nitriles
Q6669311-150,CHEMONTID:0004557,Organopnictogen compounds
Q6669311-150,CHEMONTID:0004150,Hydrocarbon derivatives
Q6669311-151,CHEMONTID:0000362,Nitriles
Q6669311-151,CHEMONTID:0004557,Organopnictogen compounds
Q6669311-151,CHEMONTID:0004150,Hydrocarbon derivatives
Q6669311-152,CHEMONTID:0000362,Nitriles
Q6669311-152,CHEMONTID:0004557,Organopnictogen compounds
Q6669311-152,CHEMONTID:0004150,Hydrocarbon derivatives
Q6669311-153,CHEMONTID:0004622,Branched unsaturated hydrocarbons
Q6669311-153,CHEMONTID:0001019,Alkadienes
Q6669311-153,CHEMONTID:0004476,Unsaturated aliphatic hydrocarbons
Q6669311-154,CHEMONTID:0004622,Branched unsaturated hydrocarbons
Q6669311-154,CHEMONTID:0001019,Alkadienes
Q6669311-154,CHEMONTID:0004476,Unsaturated aliphatic hydrocarbons
Q6669311-155,CHEMONTID:0001019,Alkadienes
Q6669311-155,CHEMONTID:0004476,Unsaturated aliphatic hydrocarbons
Q6669311-156,CHEMONTID:0001401,Menthane monoterpenoids
Q6669311-156,CHEMONTID:0001563,Monocyclic monoterpenoids
Q6669311-156,CHEMONTID:0004622,Branched unsaturated hydrocarbons
Q6669311-156,CHEMONTID:0000017,Cycloalkenes
Q6669311-156,CHEMONTID:0004476,Unsaturated aliphatic hydrocarbons
Q6669311-157,CHEMONTID:0004149,Polycyclic hydrocarbons
Q6669311-157,CHEMONTID:0002840,Cyclic olefins
Q6669311-157,CHEMONTID:0004476,Unsaturated aliphatic hydrocarbons
Q6669311-158,CHEMONTID:0001019,Alkadienes
Q6669311-158,CHEMONTID:0004476,Unsaturated aliphatic hydrocarbons
Q6669311-159,CHEMONTID:0004622,Branched unsaturated hydrocarbons
Q6669311-159,CHEMONTID:0001019,Alkadienes
Q6669311-159,CHEMONTID:0004476,Unsaturated aliphatic hydrocarbons
Q6669311-160,CHEMONTID:0001168,Ketene acetals
Q6669311-160,CHEMONTID:0002863,Vinyl chlorides
Q6669311-160,CHEMONTID:0003905,Chloroalkenes
Q6669311-160,CHEMONTID:0001516,Organochlorides
Q6669311-160,CHEMONTID:0004150,Hydrocarbon derivatives
Q6669311-161,CHEMONTID:0002863,Vinyl chlorides
Q6669311-161,CHEMONTID:0003905,Chloroalkenes
Q6669311-161,CHEMONTID:0001516,Organochlorides
Q6669311-161,CHEMONTID:0004150,Hydrocarbon derivatives
Q6669311-162,CHEMONTID:0002863,Vinyl chlorides
Q6669311-162,CHEMONTID:0003905,Chloroalkenes
Q6669311-162,CHEMONTID:0001516,Organochlorides
Q6669311-162,CHEMONTID:0004150,Hydrocarbon derivatives
Q6669311-163,CHEMONTID:0004478,Acetylides
Q6669311-163,CHEMONTID:0000286,Primary alcohols
Q6669311-163,CHEMONTID:0004150,Hydrocarbon derivatives
Q6669311-164,CHEMONTID:0001334,Fatty alcohols
Q6669311-164,CHEMONTID:0001661,Secondary alcohols
Q6669311-164,CHEMONTID:0004478,Acetylides
Q6669311-164,CHEMONTID:0004150,Hydrocarbon derivatives
Q6669311-165,CHEMONTID:0000286,Primary alcohols
Q6669311-165,CHEMONTID:0004150,Hydrocarbon derivatives
Q6669311-166,CHEMONTID:0000286,Primary alcohols
Q6669311-166,CHEMONTID:0004150,Hydrocarbon derivatives
Q6669311-167,CHEMONTID:0002279,Benzene and substituted derivatives
Q6669311-167,CHEMONTID:0004477,Aromatic hydrocarbons
Q6669311-167,CHEMONTID:0004475,Unsaturated hydrocarbons
Q6669311-168,CHEMONTID:0001274,Ortho cresols
Q6669311-168,CHEMONTID:0001273,Meta cresols
Q6669311-168,CHEMONTID:0004647,1-hydroxy-4-unsubstituted benzenoids
Q6669311-168,CHEMONTID:0002279,Benzene and substituted derivatives
Q6669311-168,CHEMONTID:0000323,Organooxygen compounds
Q6669311-168,CHEMONTID:0004150,Hydrocarbon derivatives
Q6669311-169,CHEMONTID:0001275,Para cresols
Q6669311-169,CHEMONTID:0001274,Ortho cresols
Q6669311-169,CHEMONTID:0002279,Benzene and substituted derivatives
Q6669311-169,CHEMONTID:0000323,Organooxygen compounds
Q6669311-169,CHEMONTID:0004150,Hydrocarbon derivatives
Q6669311-170,CHEMONTID:0002772,P-chlorophenols
Q6669311-170,CHEMONTID:0002771,O-chlorophenols
Q6669311-170,CHEMONTID:0002770,M-chlorophenols
Q6669311-170,CHEMONTID:0001099,Chlorobenzenes
Q6669311-170,CHEMONTID:0004646,1-hydroxy-2-unsubstituted benzenoids
Q6669311-170,CHEMONTID:0001030,Aryl chlorides
Q6669311-170,CHEMONTID:0000323,Organooxygen compounds
Q6669311-170,CHEMONTID:0001516,Organochlorides
Q6669311-170,CHEMONTID:0004150,Hydrocarbon derivatives
Q6669311-171,CHEMONTID:0004298,Alkyl-phenylketones
Q6669311-171,CHEMONTID:0000119,Acetophenones
Q6669311-171,CHEMONTID:0000321,Benzoyl derivatives
Q6669311-171,CHEMONTID:0003671,Aryl alkyl ketones
Q6669311-171,CHEMONTID:0003940,Organic oxides
Q6669311-171,CHEMONTID:0004150,Hydrocarbon derivatives
Q6669311-172,CHEMONTID:0000033,Benzyl alcohols
Q6669311-172,CHEMONTID:0000286,Primary alcohols
Q6669311-172,CHEMONTID:0004150,Hydrocarbon derivatives
Q6669311-172,CHEMONTID:0003073,Aromatic alcohols
Q6669311-173,CHEMONTID:0003980,Benzyl chlorides
Q6669311-173,CHEMONTID:0001516,Organochlorides
Q6669311-173,CHEMONTID:0004150,Hydrocarbon derivatives
Q6669311-173,CHEMONTID:0001026,Alkyl chlorides
Q6669311-174,CHEMONTID:0003980,Benzyl chlorides
Q6669311-174,CHEMONTID:0001516,Organochlorides
Q6669311-174,CHEMONTID:0004150,Hydrocarbon derivatives
Q6669311-174,CHEMONTID:0001026,Alkyl chlorides
Q6669311-175,CHEMONTID:0000185,Phenylmethylamines
Q6669311-175,CHEMONTID:0002673,Benzylamines
Q6669311-175,CHEMONTID:0003899,Aralkylamines
Q6669311-175,CHEMONTID:0004557,Organopnictogen compounds
Q6669311-175,CHEMONTID:0000469,Monoalkylamines
Q6669311-175,CHEMONTID:0004150,Hydrocarbon derivatives
Q6669311-176,CHEMONTID:0000321,Benzoyl derivatives
Q6669311-176,CHEMONTID:0001345,Benzaldehydes
Q6669311-176,CHEMONTID:0003940,Organic oxides
Q6669311-176,CHEMONTID:0004150,Hydrocarbon derivatives
Q6669311-177,CHEMONTID:0000321,Benzoyl derivatives
Q6669311-177,CHEMONTID:0003901,Dialkylarylamines
Q6669311-177,CHEMONTID:0001345,Benzaldehydes
Q6669311-177,CHEMONTID:0000284,Aniline and substituted anilines
Q6669311-177,CHEMONTID:0004557,Organopnictogen compounds
Q6669311-177,CHEMONTID:0003940,Organic oxides
Q6669311-177,CHEMONTID:0004150,Hydrocarbon derivatives
Q6669311-178,CHEMONTID:0000051,Aromatic monoterpenoids
Q6669311-178,CHEMONTID:0001563,Monocyclic monoterpenoids
Q6669311-178,CHEMONTID:0002811,Phenylpropanes
Q6669311-178,CHEMONTID:0000355,Cumenes
Q6669311-178,CHEMONTID:0000321,Benzoyl derivatives
Q6669311-178,CHEMONTID:0001345,Benzaldehydes
Q6669311-178,CHEMONTID:0003940,Organic oxides
Q6669311-178,CHEMONTID:0004150,Hydrocarbon derivatives
Q6669311-179,CHEMONTID:0000321,Benzoyl derivatives
Q6669311-179,CHEMONTID:0001345,Benzaldehydes
Q6669311-179,CHEMONTID:0001100,Fluorobenzenes
Q6669311-179,CHEMONTID:0001031,Aryl fluorides
Q6669311-179,CHEMONTID:0003888,Vinylogous halides
Q6669311-179,CHEMONTID:0001517,Organofluorides
Q6669311-179,CHEMONTID:0003940,Organic oxides
Q6669311-179,CHEMONTID:0004150,Hydrocarbon derivatives
Q6669311-180,CHEMONTID:0000321,Benzoyl derivatives
Q6669311-180,CHEMONTID:0001345,Benzaldehydes
Q6669311-180,CHEMONTID:0001099,Chlorobenzenes
Q6669311-180,CHEMONTID:0001030,Aryl chlorides
Q6669311-180,CHEMONTID:0001516,Organochlorides
Q6669311-180,CHEMONTID:0003940,Organic oxides
Q6669311-180,CHEMONTID:0004150,Hydrocarbon derivatives
Q6669311-181,CHEMONTID:0004111,Dimethoxybenzenes
Q6669311-181,CHEMONTID:0004742,Phenoxy compounds
Q6669311-181,CHEMONTID:0000321,Benzoyl derivatives
Q6669311-181,CHEMONTID:0001345,Benzaldehydes
Q6669311-181,CHEMONTID:0000138,Anisoles
Q6669311-181,CHEMONTID:0000128,Alkyl aryl ethers
Q6669311-181,CHEMONTID:0003940,Organic oxides
Q6669311-181,CHEMONTID:0004150,Hydrocarbon derivatives
Q6669311-182,CHEMONTID:0003978,Hydroxybenzaldehydes
Q6669311-182,CHEMONTID:0002769,P-bromophenols
Q6669311-182,CHEMONTID:0000321,Benzoyl derivatives
Q6669311-182,CHEMONTID:0001098,Bromobenzenes
Q6669311-182,CHEMONTID:0004646,1-hydroxy-2-unsubstituted benzenoids
Q6669311-182,CHEMONTID:0001029,Aryl bromides
Q6669311-182,CHEMONTID:0003889,Vinylogous acids
Q6669311-182,CHEMONTID:0001515,Organobromides
Q6669311-182,CHEMONTID:0003940,Organic oxides
Q6669311-182,CHEMONTID:0004150,Hydrocarbon derivatives
Q6669311-183,CHEMONTID:0003978,Hydroxybenzaldehydes
Q6669311-183,CHEMONTID:0002772,P-chlorophenols
Q6669311-183,CHEMONTID:0000321,Benzoyl derivatives
Q6669311-183,CHEMONTID:0001099,Chlorobenzenes
Q6669311-183,CHEMONTID:0004646,1-hydroxy-2-unsubstituted benzenoids
Q6669311-183,CHEMONTID:0001030,Aryl chlorides
Q6669311-183,CHEMONTID:0003889,Vinylogous acids
Q6669311-183,CHEMONTID:0001516,Organochlorides
Q6669311-183,CHEMONTID:0003940,Organic oxides
Q6669311-183,CHEMONTID:0004150,Hydrocarbon derivatives
Q6669311-184,CHEMONTID:0003978,Hydroxybenzaldehydes
Q6669311-184,CHEMONTID:0000321,Benzoyl derivatives
Q6669311-184,CHEMONTID:0004647,1-hydroxy-4-unsubstituted benzenoids
Q6669311-184,CHEMONTID:0004646,1-hydroxy-2-unsubstituted benzenoids
Q6669311-184,CHEMONTID:0003889,Vinylogous acids
Q6669311-184,CHEMONTID:0003940,Organic oxides
Q6669311-184,CHEMONTID:0004150,Hydrocarbon derivatives
Q6669311-185,CHEMONTID:0000190,Methoxyphenols
Q6669311-185,CHEMONTID:0003978,Hydroxybenzaldehydes
Q6669311-185,CHEMONTID:0004742,Phenoxy compounds
Q6669311-185,CHEMONTID:0004113,Methoxybenzenes
Q6669311-185,CHEMONTID:0000321,Benzoyl derivatives
Q6669311-185,CHEMONTID:0000138,Anisoles
Q6669311-185,CHEMONTID:0000128,Alkyl aryl ethers
Q6669311-185,CHEMONTID:0004646,1-hydroxy-2-unsubstituted benzenoids
Q6669311-185,CHEMONTID:0003940,Organic oxides
Q6669311-185,CHEMONTID:0004150,Hydrocarbon derivatives
Q6669311-186,CHEMONTID:0000190,Methoxyphenols
Q6669311-186,CHEMONTID:0004111,Dimethoxybenzenes
Q6669311-186,CHEMONTID:0003978,Hydroxybenzaldehydes
Q6669311-186,CHEMONTID:0004742,Phenoxy compounds
Q6669311-186,CHEMONTID:0000321,Benzoyl derivatives
Q6669311-186,CHEMONTID:0000138,Anisoles
Q6669311-186,CHEMONTID:0000128,Alkyl aryl ethers
Q6669311-186,CHEMONTID:0004647,1-hydroxy-4-unsubstituted benzenoids
Q6669311-186,CHEMONTID:0004646,1-hydroxy-2-unsubstituted benzenoids
Q6669311-186,CHEMONTID:0003889,Vinylogous acids
Q6669311-186,CHEMONTID:0003940,Organic oxides
Q6669311-186,CHEMONTID:0004150,Hydrocarbon derivatives
Q6669311-187,CHEMONTID:0000321,Benzoyl derivatives
Q6669311-187,CHEMONTID:0001345,Benzaldehydes
Q6669311-187,CHEMONTID:0001100,Fluorobenzenes
Q6669311-187,CHEMONTID:0001031,Aryl fluorides
Q6669311-187,CHEMONTID:0003888,Vinylogous halides
Q6669311-187,CHEMONTID:0001517,Organofluorides
Q6669311-187,CHEMONTID:0003940,Organic oxides
Q6669311-187,CHEMONTID:0004150,Hydrocarbon derivatives
Q6669311-188,CHEMONTID:0000321,Benzoyl derivatives
Q6669311-188,CHEMONTID:0001345,Benzaldehydes
Q6669311-188,CHEMONTID:0001100,Fluorobenzenes
Q6669311-188,CHEMONTID:0001099,Chlorobenzenes
Q6669311-188,CHEMONTID:0001031,Aryl fluorides
Q6669311-188,CHEMONTID:0001030,Aryl chlorides
Q6669311-188,CHEMONTID:0003888,Vinylogous halides
Q6669311-188,CHEMONTID:0001517,Organofluorides
Q6669311-188,CHEMONTID:0001516,Organochlorides
Q6669311-188,CHEMONTID:0003940,Organic oxides
Q6669311-188,CHEMONTID:0004150,Hydrocarbon derivatives
Q6669311-189,CHEMONTID:0002564,Dichlorobenzenes
Q6669311-189,CHEMONTID:0000321,Benzoyl derivatives
Q6669311-189,CHEMONTID:0001345,Benzaldehydes
Q6669311-189,CHEMONTID:0001030,Aryl chlorides
Q6669311-189,CHEMONTID:0003888,Vinylogous halides
Q6669311-189,CHEMONTID:0001516,Organochlorides
Q6669311-189,CHEMONTID:0003940,Organic oxides
Q6669311-189,CHEMONTID:0004150,Hydrocarbon derivatives
Q6669311-190,CHEMONTID:0002772,P-chlorophenols
Q6669311-190,CHEMONTID:0002771,O-chlorophenols
Q6669311-190,CHEMONTID:0002770,M-chlorophenols
Q6669311-190,CHEMONTID:0001099,Chlorobenzenes
Q6669311-190,CHEMONTID:0001030,Aryl chlorides
Q6669311-190,CHEMONTID:0000323,Organooxygen compounds
Q6669311-190,CHEMONTID:0001516,Organochlorides
Q6669311-190,CHEMONTID:0004150,Hydrocarbon derivatives
Q6669311-191,CHEMONTID:0002772,P-chlorophenols
Q6669311-191,CHEMONTID:0002771,O-chlorophenols
Q6669311-191,CHEMONTID:0002770,M-chlorophenols
Q6669311-191,CHEMONTID:0001099,Chlorobenzenes
Q6669311-191,CHEMONTID:0004646,1-hydroxy-2-unsubstituted benzenoids
Q6669311-191,CHEMONTID:0001030,Aryl chlorides
Q6669311-191,CHEMONTID:0000323,Organooxygen compounds
Q6669311-191,CHEMONTID:0001516,Organochlorides
Q6669311-191,CHEMONTID:0004150,Hydrocarbon derivatives
Q6669311-192,CHEMONTID:0000284,Aniline and substituted anilines
Q6669311-192,CHEMONTID:0001099,Chlorobenzenes
Q6669311-192,CHEMONTID:0001030,Aryl chlorides
Q6669311-192,CHEMONTID:0002450,Primary amines
Q6669311-192,CHEMONTID:0004557,Organopnictogen compounds
Q6669311-192,CHEMONTID:0001516,Organochlorides
Q6669311-192,CHEMONTID:0004150,Hydrocarbon derivatives
Q6669311-193,CHEMONTID:0002811,Phenylpropanes
Q6669311-193,CHEMONTID:0000134,Phenols
Q6669311-193,CHEMONTID:0000323,Organooxygen compounds
Q6669311-193,CHEMONTID:0004150,Hydrocarbon derivatives
Q6669311-194,CHEMONTID:0000190,Methoxyphenols
Q6669311-194,CHEMONTID:0004628,4-alkoxyphenols
Q6669311-194,CHEMONTID:0004742,Phenoxy compounds
Q6669311-194,CHEMONTID:0004113,Methoxybenzenes
Q6669311-194,CHEMONTID:0000138,Anisoles
Q6669311-194,CHEMONTID:0000128,Alkyl aryl ethers
Q6669311-194,CHEMONTID:0004646,1-hydroxy-2-unsubstituted benzenoids
Q6669311-194,CHEMONTID:0004150,Hydrocarbon derivatives
Q6669311-195,CHEMONTID:0003901,Dialkylarylamines
Q6669311-195,CHEMONTID:0000284,Aniline and substituted anilines
Q6669311-195,CHEMONTID:0001897,"1,2-aminoalcohols"
Q6669311-195,CHEMONTID:0000286,Primary alcohols
Q6669311-195,CHEMONTID:0004557,Organopnictogen compounds
Q6669311-195,CHEMONTID:0004150,Hydrocarbon derivatives
Q6669311-196,CHEMONTID:0000185,Phenylmethylamines
Q6669311-196,CHEMONTID:0002673,Benzylamines
Q6669311-196,CHEMONTID:0003899,Aralkylamines
Q6669311-196,CHEMONTID:0002239,Trialkylamines
Q6669311-196,CHEMONTID:0004557,Organopnictogen compounds
Q6669311-196,CHEMONTID:0004150,Hydrocarbon derivatives
Q6669311-197,CHEMONTID:0000190,Methoxyphenols
Q6669311-197,CHEMONTID:0004742,Phenoxy compounds
Q6669311-197,CHEMONTID:0004113,Methoxybenzenes
Q6669311-197,CHEMONTID:0000138,Anisoles
Q6669311-197,CHEMONTID:0000128,Alkyl aryl ethers
Q6669311-197,CHEMONTID:0004647,1-hydroxy-4-unsubstituted benzenoids
Q6669311-197,CHEMONTID:0004646,1-hydroxy-2-unsubstituted benzenoids
Q6669311-197,CHEMONTID:0004150,Hydrocarbon derivatives
Q6669311-198,CHEMONTID:0004111,Dimethoxybenzenes
Q6669311-198,CHEMONTID:0004742,Phenoxy compounds
Q6669311-198,CHEMONTID:0000138,Anisoles
Q6669311-198,CHEMONTID:0000128,Alkyl aryl ethers
Q6669311-198,CHEMONTID:0004150,Hydrocarbon derivatives
Q6669311-199,CHEMONTID:0004111,Dimethoxybenzenes
Q6669311-199,CHEMONTID:0004742,Phenoxy compounds
Q6669311-199,CHEMONTID:0000138,Anisoles
Q6669311-199,CHEMONTID:0001091,Toluenes
Q6669311-199,CHEMONTID:0000128,Alkyl aryl ethers
Q6669311-199,CHEMONTID:0004150,Hydrocarbon derivatives
Q6669311-200,CHEMONTID:0004298,Alkyl-phenylketones
Q6669311-200,CHEMONTID:0000119,Acetophenones
Q6669311-200,CHEMONTID:0000321,Benzoyl derivatives
Q6669311-200,CHEMONTID:0003671,Aryl alkyl ketones
Q6669311-200,CHEMONTID:0001099,Chlorobenzenes
Q6669311-200,CHEMONTID:0001030,Aryl chlorides
Q6669311-200,CHEMONTID:0003888,Vinylogous halides
Q6669311-200,CHEMONTID:0001516,Organochlorides
Q6669311-200,CHEMONTID:0003940,Organic oxides
Q6669311-200,CHEMONTID:0004150,Hydrocarbon derivatives
Q6669311-201,CHEMONTID:0002772,P-chlorophenols
Q6669311-201,CHEMONTID:0002771,O-chlorophenols
Q6669311-201,CHEMONTID:0002770,M-chlorophenols
Q6669311-201,CHEMONTID:0001099,Chlorobenzenes
Q6669311-201,CHEMONTID:0004646,1-hydroxy-2-unsubstituted benzenoids
Q6669311-201,CHEMONTID:0001030,Aryl chlorides
Q6669311-201,CHEMONTID:0000323,Organooxygen compounds
Q6669311-201,CHEMONTID:0001516,Organochlorides
Q6669311-201,CHEMONTID:0004150,Hydrocarbon derivatives
Q6669311-202,CHEMONTID:0002772,P-chlorophenols
Q6669311-202,CHEMONTID:0002771,O-chlorophenols
Q6669311-202,CHEMONTID:0001099,Chlorobenzenes
Q6669311-202,CHEMONTID:0001030,Aryl chlorides
Q6669311-202,CHEMONTID:0000323,Organooxygen compounds
Q6669311-202,CHEMONTID:0001516,Organochlorides
Q6669311-202,CHEMONTID:0004150,Hydrocarbon derivatives
Q6669311-203,CHEMONTID:0004298,Alkyl-phenylketones
Q6669311-203,CHEMONTID:0000321,Benzoyl derivatives
Q6669311-203,CHEMONTID:0003671,Aryl alkyl ketones
Q6669311-203,CHEMONTID:0001099,Chlorobenzenes
Q6669311-203,CHEMONTID:0001030,Aryl chlorides
Q6669311-203,CHEMONTID:0004809,Alpha-chloroketones
Q6669311-203,CHEMONTID:0001516,Organochlorides
Q6669311-203,CHEMONTID:0003940,Organic oxides
Q6669311-203,CHEMONTID:0004150,Hydrocarbon derivatives
Q6669311-203,CHEMONTID:0001026,Alkyl chlorides
Q6669311-204,CHEMONTID:0004298,Alkyl-phenylketones
Q6669311-204,CHEMONTID:0002811,Phenylpropanes
Q6669311-204,CHEMONTID:0000321,Benzoyl derivatives
Q6669311-204,CHEMONTID:0003671,Aryl alkyl ketones
Q6669311-204,CHEMONTID:0000284,Aniline and substituted anilines
Q6669311-204,CHEMONTID:0002450,Primary amines
Q6669311-204,CHEMONTID:0004557,Organopnictogen compounds
Q6669311-204,CHEMONTID:0003940,Organic oxides
Q6669311-204,CHEMONTID:0004150,Hydrocarbon derivatives
Q6669311-205,CHEMONTID:0003964,Aminotoluenes
Q6669311-205,CHEMONTID:0003924,Phenylalkylamines
Q6669311-205,CHEMONTID:0000284,Aniline and substituted anilines
Q6669311-205,CHEMONTID:0002458,Secondary alkylarylamines
Q6669311-205,CHEMONTID:0004557,Organopnictogen compounds
Q6669311-205,CHEMONTID:0004150,Hydrocarbon derivatives
Q6669311-206,CHEMONTID:0003924,Phenylalkylamines
Q6669311-206,CHEMONTID:0000284,Aniline and substituted anilines
Q6669311-206,CHEMONTID:0002458,Secondary alkylarylamines
Q6669311-206,CHEMONTID:0004557,Organopnictogen compounds
Q6669311-206,CHEMONTID:0004150,Hydrocarbon derivatives
Q6669311-207,CHEMONTID:0003901,Dialkylarylamines
Q6669311-207,CHEMONTID:0000284,Aniline and substituted anilines
Q6669311-207,CHEMONTID:0004557,Organopnictogen compounds
Q6669311-207,CHEMONTID:0004150,Hydrocarbon derivatives
Q6669311-208,CHEMONTID:0003901,Dialkylarylamines
Q6669311-208,CHEMONTID:0000284,Aniline and substituted anilines
Q6669311-208,CHEMONTID:0004557,Organopnictogen compounds
Q6669311-208,CHEMONTID:0004150,Hydrocarbon derivatives
Q6669311-209,CHEMONTID:0001273,Meta cresols
Q6669311-209,CHEMONTID:0002772,P-chlorophenols
Q6669311-209,CHEMONTID:0001091,Toluenes
Q6669311-209,CHEMONTID:0001099,Chlorobenzenes
Q6669311-209,CHEMONTID:0004646,1-hydroxy-2-unsubstituted benzenoids
Q6669311-209,CHEMONTID:0001030,Aryl chlorides
Q6669311-209,CHEMONTID:0000323,Organooxygen compounds
Q6669311-209,CHEMONTID:0001516,Organochlorides
Q6669311-209,CHEMONTID:0004150,Hydrocarbon derivatives
Q6669311-210,CHEMONTID:0000355,Cumenes
Q6669311-210,CHEMONTID:0002811,Phenylpropanes
Q6669311-210,CHEMONTID:0000284,Aniline and substituted anilines
Q6669311-210,CHEMONTID:0002450,Primary amines
Q6669311-210,CHEMONTID:0004557,Organopnictogen compounds
Q6669311-210,CHEMONTID:0004150,Hydrocarbon derivatives
Q6669311-211,CHEMONTID:0002341,Phenol ethers
Q6669311-211,CHEMONTID:0004742,Phenoxy compounds
Q6669311-211,CHEMONTID:0000321,Benzoyl derivatives
Q6669311-211,CHEMONTID:0001345,Benzaldehydes
Q6669311-211,CHEMONTID:0000128,Alkyl aryl ethers
Q6669311-211,CHEMONTID:0003940,Organic oxides
Q6669311-211,CHEMONTID:0004150,Hydrocarbon derivatives
Q6669311-212,CHEMONTID:0000284,Aniline and substituted anilines
Q6669311-212,CHEMONTID:0001099,Chlorobenzenes
Q6669311-212,CHEMONTID:0001030,Aryl chlorides
Q6669311-212,CHEMONTID:0002450,Primary amines
Q6669311-212,CHEMONTID:0004557,Organopnictogen compounds
Q6669311-212,CHEMONTID:0001516,Organochlorides
Q6669311-212,CHEMONTID:0004150,Hydrocarbon derivatives
Q6669311-213,CHEMONTID:0000284,Aniline and substituted anilines
Q6669311-213,CHEMONTID:0001099,Chlorobenzenes
Q6669311-213,CHEMONTID:0001030,Aryl chlorides
Q6669311-213,CHEMONTID:0002450,Primary amines
Q6669311-213,CHEMONTID:0004557,Organopnictogen compounds
Q6669311-213,CHEMONTID:0001516,Organochlorides
Q6669311-213,CHEMONTID:0004150,Hydrocarbon derivatives
Q6669311-214,CHEMONTID:0003964,Aminotoluenes
Q6669311-214,CHEMONTID:0000284,Aniline and substituted anilines
Q6669311-214,CHEMONTID:0001099,Chlorobenzenes
Q6669311-214,CHEMONTID:0001030,Aryl chlorides
Q6669311-214,CHEMONTID:0002450,Primary amines
Q6669311-214,CHEMONTID:0004557,Organopnictogen compounds
Q6669311-214,CHEMONTID:0001516,Organochlorides
Q6669311-214,CHEMONTID:0004150,Hydrocarbon derivatives
Q6669311-215,CHEMONTID:0002279,Benzene and substituted derivatives
Q6669311-215,CHEMONTID:0004477,Aromatic hydrocarbons
Q6669311-215,CHEMONTID:0004475,Unsaturated hydrocarbons
Q6669311-216,CHEMONTID:0002811,Phenylpropanes
Q6669311-216,CHEMONTID:0000037,Styrenes
Q6669311-216,CHEMONTID:0004477,Aromatic hydrocarbons
Q6669311-216,CHEMONTID:0002840,Cyclic olefins
Q6669311-217,CHEMONTID:0000037,Styrenes
Q6669311-217,CHEMONTID:0004477,Aromatic hydrocarbons
Q6669311-217,CHEMONTID:0002840,Cyclic olefins
Q6669311-218,CHEMONTID:0004647,1-hydroxy-4-unsubstituted benzenoids
Q6669311-218,CHEMONTID:0004646,1-hydroxy-2-unsubstituted benzenoids
Q6669311-218,CHEMONTID:0002279,Benzene and substituted derivatives
Q6669311-218,CHEMONTID:0000323,Organooxygen compounds
Q6669311-218,CHEMONTID:0004150,Hydrocarbon derivatives
Q6669311-219,CHEMONTID:0000190,Methoxyphenols
Q6669311-219,CHEMONTID:0004742,Phenoxy compounds
Q6669311-219,CHEMONTID:0004113,Methoxybenzenes
Q6669311-219,CHEMONTID:0000138,Anisoles
Q6669311-219,CHEMONTID:0000128,Alkyl aryl ethers
Q6669311-219,CHEMONTID:0004646,1-hydroxy-2-unsubstituted benzenoids
Q6669311-219,CHEMONTID:0004150,Hydrocarbon derivatives
Q6669311-220,CHEMONTID:0001098,Bromobenzenes
Q6669311-220,CHEMONTID:0001029,Aryl bromides
Q6669311-220,CHEMONTID:0001515,Organobromides
Q6669311-220,CHEMONTID:0004150,Hydrocarbon derivatives
Q6669311-221,CHEMONTID:0002769,P-bromophenols
Q6669311-221,CHEMONTID:0002768,O-bromophenols
Q6669311-221,CHEMONTID:0002767,M-bromophenols
Q6669311-221,CHEMONTID:0001098,Bromobenzenes
Q6669311-221,CHEMONTID:0001029,Aryl bromides
Q6669311-221,CHEMONTID:0000323,Organooxygen compounds
Q6669311-221,CHEMONTID:0001515,Organobromides
Q6669311-221,CHEMONTID:0004150,Hydrocarbon derivatives
Q6669311-222,CHEMONTID:0001098,Bromobenzenes
Q6669311-222,CHEMONTID:0001029,Aryl bromides
Q6669311-222,CHEMONTID:0001515,Organobromides
Q6669311-222,CHEMONTID:0004150,Hydrocarbon derivatives
Q6669311-223,CHEMONTID:0002769,P-bromophenols
Q6669311-223,CHEMONTID:0002768,O-bromophenols
Q6669311-223,CHEMONTID:0001098,Bromobenzenes
Q6669311-223,CHEMONTID:0001029,Aryl bromides
Q6669311-223,CHEMONTID:0000323,Organooxygen compounds
Q6669311-223,CHEMONTID:0001515,Organobromides
Q6669311-223,CHEMONTID:0004150,Hydrocarbon derivatives
Q6669311-224,CHEMONTID:0000284,Aniline and substituted anilines
Q6669311-224,CHEMONTID:0001098,Bromobenzenes
Q6669311-224,CHEMONTID:0001029,Aryl bromides
Q6669311-224,CHEMONTID:0002450,Primary amines
Q6669311-224,CHEMONTID:0004557,Organopnictogen compounds
Q6669311-224,CHEMONTID:0001515,Organobromides
Q6669311-224,CHEMONTID:0004150,Hydrocarbon derivatives
Q6669311-225,CHEMONTID:0001091,Toluenes
Q6669311-225,CHEMONTID:0004477,Aromatic hydrocarbons
Q6669311-225,CHEMONTID:0004475,Unsaturated hydrocarbons
Q6669311-226,CHEMONTID:0001099,Chlorobenzenes
Q6669311-226,CHEMONTID:0001030,Aryl chlorides
Q6669311-226,CHEMONTID:0001516,Organochlorides
Q6669311-226,CHEMONTID:0004150,Hydrocarbon derivatives
Q6669311-227,CHEMONTID:0001099,Chlorobenzenes
Q6669311-227,CHEMONTID:0001091,Toluenes
Q6669311-227,CHEMONTID:0001030,Aryl chlorides
Q6669311-227,CHEMONTID:0001516,Organochlorides
Q6669311-227,CHEMONTID:0004150,Hydrocarbon derivatives
Q6669311-228,CHEMONTID:0001099,Chlorobenzenes
Q6669311-228,CHEMONTID:0001091,Toluenes
Q6669311-228,CHEMONTID:0001030,Aryl chlorides
Q6669311-228,CHEMONTID:0001516,Organochlorides
Q6669311-228,CHEMONTID:0004150,Hydrocarbon derivatives
Q6669311-229,CHEMONTID:0002564,Dichlorobenzenes
Q6669311-229,CHEMONTID:0001030,Aryl chlorides
Q6669311-229,CHEMONTID:0001516,Organochlorides
Q6669311-229,CHEMONTID:0004150,Hydrocarbon derivatives
Q6669311-230,CHEMONTID:0002564,Dichlorobenzenes
Q6669311-230,CHEMONTID:0001030,Aryl chlorides
Q6669311-230,CHEMONTID:0001516,Organochlorides
Q6669311-230,CHEMONTID:0004150,Hydrocarbon derivatives
Q6669311-231,CHEMONTID:0002564,Dichlorobenzenes
Q6669311-231,CHEMONTID:0001030,Aryl chlorides
Q6669311-231,CHEMONTID:0001516,Organochlorides
Q6669311-231,CHEMONTID:0004150,Hydrocarbon derivatives
Q6669311-232,CHEMONTID:0001099,Chlorobenzenes
Q6669311-232,CHEMONTID:0001091,Toluenes
Q6669311-232,CHEMONTID:0001030,Aryl chlorides
Q6669311-232,CHEMONTID:0001516,Organochlorides
Q6669311-232,CHEMONTID:0004150,Hydrocarbon derivatives
Q6669311-233,CHEMONTID:0002564,Dichlorobenzenes
Q6669311-233,CHEMONTID:0001091,Toluenes
Q6669311-233,CHEMONTID:0001030,Aryl chlorides
Q6669311-233,CHEMONTID:0001516,Organochlorides
Q6669311-233,CHEMONTID:0004150,Hydrocarbon derivatives
Q6669311-234,CHEMONTID:0001099,Chlorobenzenes
Q6669311-234,CHEMONTID:0001030,Aryl chlorides
Q6669311-234,CHEMONTID:0001516,Organochlorides
Q6669311-234,CHEMONTID:0004150,Hydrocarbon derivatives
Q6669311-235,CHEMONTID:0001099,Chlorobenzenes
Q6669311-235,CHEMONTID:0001030,Aryl chlorides
Q6669311-235,CHEMONTID:0001516,Organochlorides
Q6669311-235,CHEMONTID:0004150,Hydrocarbon derivatives
Q6669311-236,CHEMONTID:0001099,Chlorobenzenes
Q6669311-236,CHEMONTID:0001030,Aryl chlorides
Q6669311-236,CHEMONTID:0001516,Organochlorides
Q6669311-236,CHEMONTID:0004150,Hydrocarbon derivatives
Q6669311-237,CHEMONTID:0001099,Chlorobenzenes
Q6669311-237,CHEMONTID:0001030,Aryl chlorides
Q6669311-237,CHEMONTID:0001516,Organochlorides
Q6669311-237,CHEMONTID:0004150,Hydrocarbon derivatives
Q6669311-238,CHEMONTID:0001099,Chlorobenzenes
Q6669311-238,CHEMONTID:0001030,Aryl chlorides
Q6669311-238,CHEMONTID:0001516,Organochlorides
Q6669311-238,CHEMONTID:0004150,Hydrocarbon derivatives
Q6669311-239,CHEMONTID:0002772,P-chlorophenols
Q6669311-239,CHEMONTID:0002771,O-chlorophenols
Q6669311-239,CHEMONTID:0002770,M-chlorophenols
Q6669311-239,CHEMONTID:0001099,Chlorobenzenes
Q6669311-239,CHEMONTID:0001030,Aryl chlorides
Q6669311-239,CHEMONTID:0000323,Organooxygen compounds
Q6669311-239,CHEMONTID:0001516,Organochlorides
Q6669311-239,CHEMONTID:0004150,Hydrocarbon derivatives
Q6669311-240,CHEMONTID:0000284,Aniline and substituted anilines
Q6669311-240,CHEMONTID:0001100,Fluorobenzenes
Q6669311-240,CHEMONTID:0001031,Aryl fluorides
Q6669311-240,CHEMONTID:0002450,Primary amines
Q6669311-240,CHEMONTID:0004557,Organopnictogen compounds
Q6669311-240,CHEMONTID:0001517,Organofluorides
Q6669311-240,CHEMONTID:0004150,Hydrocarbon derivatives
Q6669311-241,CHEMONTID:0000284,Aniline and substituted anilines
Q6669311-241,CHEMONTID:0001100,Fluorobenzenes
Q6669311-241,CHEMONTID:0001031,Aryl fluorides
Q6669311-241,CHEMONTID:0002450,Primary amines
Q6669311-241,CHEMONTID:0004557,Organopnictogen compounds
Q6669311-241,CHEMONTID:0001517,Organofluorides
Q6669311-241,CHEMONTID:0004150,Hydrocarbon derivatives
Q6669311-242,CHEMONTID:0002811,Phenylpropanes
Q6669311-242,CHEMONTID:0001275,Para cresols
Q6669311-242,CHEMONTID:0001091,Toluenes
Q6669311-242,CHEMONTID:0000323,Organooxygen compounds
Q6669311-242,CHEMONTID:0004150,Hydrocarbon derivatives
Q6669311-243,CHEMONTID:0004647,1-hydroxy-4-unsubstituted benzenoids
Q6669311-243,CHEMONTID:0004646,1-hydroxy-2-unsubstituted benzenoids
Q6669311-243,CHEMONTID:0002279,Benzene and substituted derivatives
Q6669311-243,CHEMONTID:0000323,Organooxygen compounds
Q6669311-243,CHEMONTID:0004150,Hydrocarbon derivatives
Q6669311-244,CHEMONTID:0004212,Xylenols
Q6669311-244,CHEMONTID:0004209,m-Xylenes
Q6669311-244,CHEMONTID:0001275,Para cresols
Q6669311-244,CHEMONTID:0001274,Ortho cresols
Q6669311-244,CHEMONTID:0004646,1-hydroxy-2-unsubstituted benzenoids
Q6669311-244,CHEMONTID:0000323,Organooxygen compounds
Q6669311-244,CHEMONTID:0004150,Hydrocarbon derivatives
Q6669311-245,CHEMONTID:0001275,Para cresols
Q6669311-245,CHEMONTID:0004210,o-Xylenes
Q6669311-245,CHEMONTID:0001273,Meta cresols
Q6669311-245,CHEMONTID:0004646,1-hydroxy-2-unsubstituted benzenoids
Q6669311-245,CHEMONTID:0000323,Organooxygen compounds
Q6669311-245,CHEMONTID:0004150,Hydrocarbon derivatives
Q6669311-246,CHEMONTID:0002564,Dichlorobenzenes
Q6669311-246,CHEMONTID:0001091,Toluenes
Q6669311-246,CHEMONTID:0001030,Aryl chlorides
Q6669311-246,CHEMONTID:0001516,Organochlorides
Q6669311-246,CHEMONTID:0004150,Hydrocarbon derivatives
Q6669311-247,CHEMONTID:0002341,Phenol ethers
Q6669311-247,CHEMONTID:0004742,Phenoxy compounds
Q6669311-247,CHEMONTID:0000128,Alkyl aryl ethers
Q6669311-247,CHEMONTID:0004150,Hydrocarbon derivatives
Q6669311-248,CHEMONTID:0004670,Aminophenyl ethers
Q6669311-248,CHEMONTID:0004742,Phenoxy compounds
Q6669311-248,CHEMONTID:0000284,Aniline and substituted anilines
Q6669311-248,CHEMONTID:0000128,Alkyl aryl ethers
Q6669311-248,CHEMONTID:0002450,Primary amines
Q6669311-248,CHEMONTID:0004557,Organopnictogen compounds
Q6669311-248,CHEMONTID:0004150,Hydrocarbon derivatives
Q6669311-249,CHEMONTID:0002341,Phenol ethers
Q6669311-249,CHEMONTID:0004742,Phenoxy compounds
Q6669311-249,CHEMONTID:0000128,Alkyl aryl ethers
Q6669311-249,CHEMONTID:0000286,Primary alcohols
Q6669311-249,CHEMONTID:0004150,Hydrocarbon derivatives
Q6669311-250,CHEMONTID:0001274,Ortho cresols
Q6669311-250,CHEMONTID:0001091,Toluenes
Q6669311-250,CHEMONTID:0004647,1-hydroxy-4-unsubstituted benzenoids
Q6669311-250,CHEMONTID:0004646,1-hydroxy-2-unsubstituted benzenoids
Q6669311-250,CHEMONTID:0000323,Organooxygen compounds
Q6669311-250,CHEMONTID:0004150,Hydrocarbon derivatives
Q6669311-251,CHEMONTID:0001273,Meta cresols
Q6669311-251,CHEMONTID:0001091,Toluenes
Q6669311-251,CHEMONTID:0004647,1-hydroxy-4-unsubstituted benzenoids
Q6669311-251,CHEMONTID:0004646,1-hydroxy-2-unsubstituted benzenoids
Q6669311-251,CHEMONTID:0000323,Organooxygen compounds
Q6669311-251,CHEMONTID:0004150,Hydrocarbon derivatives
Q6669311-252,CHEMONTID:0001275,Para cresols
Q6669311-252,CHEMONTID:0001091,Toluenes
Q6669311-252,CHEMONTID:0004646,1-hydroxy-2-unsubstituted benzenoids
Q6669311-252,CHEMONTID:0000323,Organooxygen compounds
Q6669311-252,CHEMONTID:0004150,Hydrocarbon derivatives
Q6669311-253,CHEMONTID:0002771,O-chlorophenols
Q6669311-253,CHEMONTID:0001099,Chlorobenzenes
Q6669311-253,CHEMONTID:0004647,1-hydroxy-4-unsubstituted benzenoids
Q6669311-253,CHEMONTID:0004646,1-hydroxy-2-unsubstituted benzenoids
Q6669311-253,CHEMONTID:0001030,Aryl chlorides
Q6669311-253,CHEMONTID:0000323,Organooxygen compounds
Q6669311-253,CHEMONTID:0001516,Organochlorides
Q6669311-253,CHEMONTID:0004150,Hydrocarbon derivatives
Q6669311-254,CHEMONTID:0002772,P-chlorophenols
Q6669311-254,CHEMONTID:0001099,Chlorobenzenes
Q6669311-254,CHEMONTID:0004646,1-hydroxy-2-unsubstituted benzenoids
Q6669311-254,CHEMONTID:0001030,Aryl chlorides
Q6669311-254,CHEMONTID:0000323,Organooxygen compounds
Q6669311-254,CHEMONTID:0001516,Organochlorides
Q6669311-254,CHEMONTID:0004150,Hydrocarbon derivatives
Q6669311-255,CHEMONTID:0002564,Dichlorobenzenes
Q6669311-255,CHEMONTID:0002772,P-chlorophenols
Q6669311-255,CHEMONTID:0002771,O-chlorophenols
Q6669311-255,CHEMONTID:0004646,1-hydroxy-2-unsubstituted benzenoids
Q6669311-255,CHEMONTID:0001030,Aryl chlorides
Q6669311-255,CHEMONTID:0000323,Organooxygen compounds
Q6669311-255,CHEMONTID:0001516,Organochlorides
Q6669311-255,CHEMONTID:0004150,Hydrocarbon derivatives
Q6669311-256,CHEMONTID:0000284,Aniline and substituted anilines
Q6669311-256,CHEMONTID:0002450,Primary amines
Q6669311-256,CHEMONTID:0004557,Organopnictogen compounds
Q6669311-256,CHEMONTID:0004150,Hydrocarbon derivatives
Q6669311-257,CHEMONTID:0000284,Aniline and substituted anilines
Q6669311-257,CHEMONTID:0001099,Chlorobenzenes
Q6669311-257,CHEMONTID:0001030,Aryl chlorides
Q6669311-257,CHEMONTID:0002450,Primary amines
Q6669311-257,CHEMONTID:0004557,Organopnictogen compounds
Q6669311-257,CHEMONTID:0001516,Organochlorides
Q6669311-257,CHEMONTID:0004150,Hydrocarbon derivatives
Q6669311-258,CHEMONTID:0000284,Aniline and substituted anilines
Q6669311-258,CHEMONTID:0001099,Chlorobenzenes
Q6669311-258,CHEMONTID:0001030,Aryl chlorides
Q6669311-258,CHEMONTID:0002450,Primary amines
Q6669311-258,CHEMONTID:0004557,Organopnictogen compounds
Q6669311-258,CHEMONTID:0001516,Organochlorides
Q6669311-258,CHEMONTID:0004150,Hydrocarbon derivatives
Q6669311-259,CHEMONTID:0002564,Dichlorobenzenes
Q6669311-259,CHEMONTID:0000284,Aniline and substituted anilines
Q6669311-259,CHEMONTID:0001030,Aryl chlorides
Q6669311-259,CHEMONTID:0002450,Primary amines
Q6669311-259,CHEMONTID:0004557,Organopnictogen compounds
Q6669311-259,CHEMONTID:0001516,Organochlorides
Q6669311-259,CHEMONTID:0004150,Hydrocarbon derivatives
Q6669311-260,CHEMONTID:0002564,Dichlorobenzenes
Q6669311-260,CHEMONTID:0000284,Aniline and substituted anilines
Q6669311-260,CHEMONTID:0001030,Aryl chlorides
Q6669311-260,CHEMONTID:0002450,Primary amines
Q6669311-260,CHEMONTID:0004557,Organopnictogen compounds
Q6669311-260,CHEMONTID:0001516,Organochlorides
Q6669311-260,CHEMONTID:0004150,Hydrocarbon derivatives
Q6669311-261,CHEMONTID:0003964,Aminotoluenes
Q6669311-261,CHEMONTID:0000284,Aniline and substituted anilines
Q6669311-261,CHEMONTID:0002450,Primary amines
Q6669311-261,CHEMONTID:0004557,Organopnictogen compounds
Q6669311-261,CHEMONTID:0004150,Hydrocarbon derivatives
Q6669311-262,CHEMONTID:0004210,o-Xylenes
Q6669311-262,CHEMONTID:0004477,Aromatic hydrocarbons
Q6669311-262,CHEMONTID:0004475,Unsaturated hydrocarbons
Q6669311-263,CHEMONTID:0004209,m-Xylenes
Q6669311-263,CHEMONTID:0004477,Aromatic hydrocarbons
Q6669311-263,CHEMONTID:0004475,Unsaturated hydrocarbons
Q6669311-264,CHEMONTID:0004211,p-Xylenes
Q6669311-264,CHEMONTID:0004477,Aromatic hydrocarbons
Q6669311-264,CHEMONTID:0004475,Unsaturated hydrocarbons
Q6669311-265,CHEMONTID:0001530,Benzonitriles
Q6669311-265,CHEMONTID:0002768,O-bromophenols
Q6669311-265,CHEMONTID:0001098,Bromobenzenes
Q6669311-265,CHEMONTID:0001029,Aryl bromides
Q6669311-265,CHEMONTID:0000362,Nitriles
Q6669311-265,CHEMONTID:0004557,Organopnictogen compounds
Q6669311-265,CHEMONTID:0000323,Organooxygen compounds
Q6669311-265,CHEMONTID:0001515,Organobromides
Q6669311-265,CHEMONTID:0004150,Hydrocarbon derivatives
Q6669311-266,CHEMONTID:0001530,Benzonitriles
Q6669311-266,CHEMONTID:0000284,Aniline and substituted anilines
Q6669311-266,CHEMONTID:0001099,Chlorobenzenes
Q6669311-266,CHEMONTID:0001030,Aryl chlorides
Q6669311-266,CHEMONTID:0000362,Nitriles
Q6669311-266,CHEMONTID:0002450,Primary amines
Q6669311-266,CHEMONTID:0004557,Organopnictogen compounds
Q6669311-266,CHEMONTID:0001516,Organochlorides
Q6669311-266,CHEMONTID:0004150,Hydrocarbon derivatives
Q6669311-267,CHEMONTID:0001530,Benzonitriles
Q6669311-267,CHEMONTID:0001091,Toluenes
Q6669311-267,CHEMONTID:0001099,Chlorobenzenes
Q6669311-267,CHEMONTID:0001030,Aryl chlorides
Q6669311-267,CHEMONTID:0000362,Nitriles
Q6669311-267,CHEMONTID:0004557,Organopnictogen compounds
Q6669311-267,CHEMONTID:0001516,Organochlorides
Q6669311-267,CHEMONTID:0004150,Hydrocarbon derivatives
Q6669311-268,CHEMONTID:0001530,Benzonitriles
Q6669311-268,CHEMONTID:0001091,Toluenes
Q6669311-268,CHEMONTID:0000362,Nitriles
Q6669311-268,CHEMONTID:0004557,Organopnictogen compounds
Q6669311-268,CHEMONTID:0004150,Hydrocarbon derivatives
Q6669311-269,CHEMONTID:0001530,Benzonitriles
Q6669311-269,CHEMONTID:0000362,Nitriles
Q6669311-269,CHEMONTID:0004557,Organopnictogen compounds
Q6669311-269,CHEMONTID:0004150,Hydrocarbon derivatives
Q6669311-270,CHEMONTID:0002279,Benzene and substituted derivatives
Q6669311-270,CHEMONTID:0004477,Aromatic hydrocarbons
Q6669311-270,CHEMONTID:0004475,Unsaturated hydrocarbons
Q6669311-271,CHEMONTID:0002279,Benzene and substituted derivatives
Q6669311-271,CHEMONTID:0004477,Aromatic hydrocarbons
Q6669311-271,CHEMONTID:0004475,Unsaturated hydrocarbons
Q6669311-272,CHEMONTID:0004646,1-hydroxy-2-unsubstituted benzenoids
Q6669311-272,CHEMONTID:0002279,Benzene and substituted derivatives
Q6669311-272,CHEMONTID:0000323,Organooxygen compounds
Q6669311-272,CHEMONTID:0004150,Hydrocarbon derivatives
Q6669311-273,CHEMONTID:0000284,Aniline and substituted anilines
Q6669311-273,CHEMONTID:0002450,Primary amines
Q6669311-273,CHEMONTID:0004557,Organopnictogen compounds
Q6669311-273,CHEMONTID:0004150,Hydrocarbon derivatives
Q6669311-274,CHEMONTID:0000284,Aniline and substituted anilines
Q6669311-274,CHEMONTID:0002450,Primary amines
Q6669311-274,CHEMONTID:0004557,Organopnictogen compounds
Q6669311-274,CHEMONTID:0004150,Hydrocarbon derivatives
Q6669311-275,CHEMONTID:0000284,Aniline and substituted anilines
Q6669311-275,CHEMONTID:0002450,Primary amines
Q6669311-275,CHEMONTID:0004557,Organopnictogen compounds
Q6669311-275,CHEMONTID:0004150,Hydrocarbon derivatives
Q6669311-276,CHEMONTID:0000284,Aniline and substituted anilines
Q6669311-276,CHEMONTID:0002450,Primary amines
Q6669311-276,CHEMONTID:0004557,Organopnictogen compounds
Q6669311-276,CHEMONTID:0004150,Hydrocarbon derivatives
Q6669311-277,CHEMONTID:0002811,Phenylpropanes
Q6669311-277,CHEMONTID:0004646,1-hydroxy-2-unsubstituted benzenoids
Q6669311-277,CHEMONTID:0000323,Organooxygen compounds
Q6669311-277,CHEMONTID:0004150,Hydrocarbon derivatives
Q6669311-278,CHEMONTID:0002811,Phenylpropanes
Q6669311-278,CHEMONTID:0004646,1-hydroxy-2-unsubstituted benzenoids
Q6669311-278,CHEMONTID:0000323,Organooxygen compounds
Q6669311-278,CHEMONTID:0004150,Hydrocarbon derivatives
Q6669311-279,CHEMONTID:0000051,Aromatic monoterpenoids
Q6669311-279,CHEMONTID:0001563,Monocyclic monoterpenoids
Q6669311-279,CHEMONTID:0002811,Phenylpropanes
Q6669311-279,CHEMONTID:0000355,Cumenes
Q6669311-279,CHEMONTID:0001273,Meta cresols
Q6669311-279,CHEMONTID:0001091,Toluenes
Q6669311-279,CHEMONTID:0004647,1-hydroxy-4-unsubstituted benzenoids
Q6669311-279,CHEMONTID:0004646,1-hydroxy-2-unsubstituted benzenoids
Q6669311-279,CHEMONTID:0000323,Organooxygen compounds
Q6669311-279,CHEMONTID:0004150,Hydrocarbon derivatives
Q6669311-280,CHEMONTID:0000355,Cumenes
Q6669311-280,CHEMONTID:0002811,Phenylpropanes
Q6669311-280,CHEMONTID:0004477,Aromatic hydrocarbons
Q6669311-280,CHEMONTID:0004475,Unsaturated hydrocarbons
Q6669311-281,CHEMONTID:0002279,Benzene and substituted derivatives
Q6669311-281,CHEMONTID:0004477,Aromatic hydrocarbons
Q6669311-281,CHEMONTID:0004475,Unsaturated hydrocarbons
Q6669311-282,CHEMONTID:0002536,Phenoxides
Q6669311-282,CHEMONTID:0000323,Organooxygen compounds
Q6669311-282,CHEMONTID:0003927,Organic potassium salts
Q6669311-282,CHEMONTID:0003940,Organic oxides
Q6669311-282,CHEMONTID:0004150,Hydrocarbon derivatives
Q6669311-282,CHEMONTID:0003609,Organic cations
Q6669311-283,CHEMONTID:0001350,Benzoic acid esters
Q6669311-283,CHEMONTID:0000321,Benzoyl derivatives
Q6669311-283,CHEMONTID:0000346,Dicarboxylic acids and derivatives
Q6669311-283,CHEMONTID:0003416,Methyl esters
Q6669311-283,CHEMONTID:0000323,Organooxygen compounds
Q6669311-283,CHEMONTID:0003940,Organic oxides
Q6669311-283,CHEMONTID:0004150,Hydrocarbon derivatives
Q6669311-284,CHEMONTID:0001350,Benzoic acid esters
Q6669311-284,CHEMONTID:0000321,Benzoyl derivatives
Q6669311-284,CHEMONTID:0000346,Dicarboxylic acids and derivatives
Q6669311-284,CHEMONTID:0001238,Carboxylic acid esters
Q6669311-284,CHEMONTID:0000323,Organooxygen compounds
Q6669311-284,CHEMONTID:0003940,Organic oxides
Q6669311-284,CHEMONTID:0004150,Hydrocarbon derivatives
Q6669311-285,CHEMONTID:0001350,Benzoic acid esters
Q6669311-285,CHEMONTID:0000321,Benzoyl derivatives
Q6669311-285,CHEMONTID:0000346,Dicarboxylic acids and derivatives
Q6669311-285,CHEMONTID:0001238,Carboxylic acid esters
Q6669311-285,CHEMONTID:0000323,Organooxygen compounds
Q6669311-285,CHEMONTID:0003940,Organic oxides
Q6669311-285,CHEMONTID:0004150,Hydrocarbon derivatives
Q6669311-286,CHEMONTID:0001350,Benzoic acid esters
Q6669311-286,CHEMONTID:0000321,Benzoyl derivatives
Q6669311-286,CHEMONTID:0000346,Dicarboxylic acids and derivatives
Q6669311-286,CHEMONTID:0001238,Carboxylic acid esters
Q6669311-286,CHEMONTID:0000323,Organooxygen compounds
Q6669311-286,CHEMONTID:0003940,Organic oxides
Q6669311-286,CHEMONTID:0004150,Hydrocarbon derivatives
Q6669311-287,CHEMONTID:0001645,Depsides and depsidones
Q6669311-287,CHEMONTID:0002319,Phenol esters
Q6669311-287,CHEMONTID:0001350,Benzoic acid esters
Q6669311-287,CHEMONTID:0004742,Phenoxy compounds
Q6669311-287,CHEMONTID:0000321,Benzoyl derivatives
Q6669311-287,CHEMONTID:0000346,Dicarboxylic acids and derivatives
Q6669311-287,CHEMONTID:0001238,Carboxylic acid esters
Q6669311-287,CHEMONTID:0000323,Organooxygen compounds
Q6669311-287,CHEMONTID:0003940,Organic oxides
Q6669311-287,CHEMONTID:0004150,Hydrocarbon derivatives
Q6669311-288,CHEMONTID:0001350,Benzoic acid esters
Q6669311-288,CHEMONTID:0000321,Benzoyl derivatives
Q6669311-288,CHEMONTID:0001238,Carboxylic acid esters
Q6669311-288,CHEMONTID:0001137,Monocarboxylic acids and derivatives
Q6669311-288,CHEMONTID:0000323,Organooxygen compounds
Q6669311-288,CHEMONTID:0003940,Organic oxides
Q6669311-288,CHEMONTID:0004150,Hydrocarbon derivatives
Q6669311-289,CHEMONTID:0001350,Benzoic acid esters
Q6669311-289,CHEMONTID:0000321,Benzoyl derivatives
Q6669311-289,CHEMONTID:0001530,Benzonitriles
Q6669311-289,CHEMONTID:0003416,Methyl esters
Q6669311-289,CHEMONTID:0000362,Nitriles
Q6669311-289,CHEMONTID:0001137,Monocarboxylic acids and derivatives
Q6669311-289,CHEMONTID:0004557,Organopnictogen compounds
Q6669311-289,CHEMONTID:0000323,Organooxygen compounds
Q6669311-289,CHEMONTID:0003940,Organic oxides
Q6669311-289,CHEMONTID:0004150,Hydrocarbon derivatives
Q6669311-290,CHEMONTID:0001350,Benzoic acid esters
Q6669311-290,CHEMONTID:0000281,Aminobenzoic acids and derivatives
Q6669311-290,CHEMONTID:0000321,Benzoyl derivatives
Q6669311-290,CHEMONTID:0000284,Aniline and substituted anilines
Q6669311-290,CHEMONTID:0001238,Carboxylic acid esters
Q6669311-290,CHEMONTID:0000347,Amino acids and derivatives
Q6669311-290,CHEMONTID:0001137,Monocarboxylic acids and derivatives
Q6669311-290,CHEMONTID:0002450,Primary amines
Q6669311-290,CHEMONTID:0004557,Organopnictogen compounds
Q6669311-290,CHEMONTID:0000323,Organooxygen compounds
Q6669311-290,CHEMONTID:0003940,Organic oxides
Q6669311-290,CHEMONTID:0004150,Hydrocarbon derivatives
Q6669311-291,CHEMONTID:0001350,Benzoic acid esters
Q6669311-291,CHEMONTID:0003100,4-halobenzoic acids and derivatives
Q6669311-291,CHEMONTID:0000321,Benzoyl derivatives
Q6669311-291,CHEMONTID:0001099,Chlorobenzenes
Q6669311-291,CHEMONTID:0001030,Aryl chlorides
Q6669311-291,CHEMONTID:0003416,Methyl esters
Q6669311-291,CHEMONTID:0001137,Monocarboxylic acids and derivatives
Q6669311-291,CHEMONTID:0000323,Organooxygen compounds
Q6669311-291,CHEMONTID:0001516,Organochlorides
Q6669311-291,CHEMONTID:0003940,Organic oxides
Q6669311-291,CHEMONTID:0004150,Hydrocarbon derivatives
Q6669311-292,CHEMONTID:0004551,Trifluoromethylbenzenes
Q6669311-292,CHEMONTID:0001530,Benzonitriles
Q6669311-292,CHEMONTID:0000362,Nitriles
Q6669311-292,CHEMONTID:0004557,Organopnictogen compounds
Q6669311-292,CHEMONTID:0001517,Organofluorides
Q6669311-292,CHEMONTID:0004150,Hydrocarbon derivatives
Q6669311-292,CHEMONTID:0001027,Alkyl fluorides
Q6669311-293,CHEMONTID:0004155,Diphenylethers
Q6669311-293,CHEMONTID:0002463,Diarylethers
Q6669311-293,CHEMONTID:0004742,Phenoxy compounds
Q6669311-293,CHEMONTID:0002341,Phenol ethers
Q6669311-293,CHEMONTID:0004646,1-hydroxy-2-unsubstituted benzenoids
Q6669311-293,CHEMONTID:0004150,Hydrocarbon derivatives
Q6669311-294,CHEMONTID:0000120,Benzophenones
Q6669311-294,CHEMONTID:0000369,Diphenylmethanes
Q6669311-294,CHEMONTID:0004297,Aryl-phenylketones
Q6669311-294,CHEMONTID:0000321,Benzoyl derivatives
Q6669311-294,CHEMONTID:0003940,Organic oxides
Q6669311-294,CHEMONTID:0004150,Hydrocarbon derivatives
Q6669311-295,CHEMONTID:0004155,Diphenylethers
Q6669311-295,CHEMONTID:0002717,Polyphenyl ethers
Q6669311-295,CHEMONTID:0002463,Diarylethers
Q6669311-295,CHEMONTID:0004742,Phenoxy compounds
Q6669311-295,CHEMONTID:0002341,Phenol ethers
Q6669311-295,CHEMONTID:0004150,Hydrocarbon derivatives
Q6669311-296,CHEMONTID:0004297,Aryl-phenylketones
Q6669311-296,CHEMONTID:0001322,Pyridinecarboxylic acids and derivatives
Q6669311-296,CHEMONTID:0000321,Benzoyl derivatives
Q6669311-296,CHEMONTID:0004144,Heteroaromatic compounds
Q6669311-296,CHEMONTID:0004139,Azacyclic compounds
Q6669311-296,CHEMONTID:0004557,Organopnictogen compounds
Q6669311-296,CHEMONTID:0000278,Organonitrogen compounds
Q6669311-296,CHEMONTID:0003940,Organic oxides
Q6669311-296,CHEMONTID:0004150,Hydrocarbon derivatives
Q6669311-297,CHEMONTID:0000284,Aniline and substituted anilines
Q6669311-297,CHEMONTID:0002451,Secondary amines
Q6669311-297,CHEMONTID:0004557,Organopnictogen compounds
Q6669311-297,CHEMONTID:0004150,Hydrocarbon derivatives
Q6669311-298,CHEMONTID:0001645,Depsides and depsidones
Q6669311-298,CHEMONTID:0004700,o-Hydroxybenzoic acid esters
Q6669311-298,CHEMONTID:0000487,Salicylic acid and derivatives
Q6669311-298,CHEMONTID:0002319,Phenol esters
Q6669311-298,CHEMONTID:0004742,Phenoxy compounds
Q6669311-298,CHEMONTID:0000321,Benzoyl derivatives
Q6669311-298,CHEMONTID:0004647,1-hydroxy-4-unsubstituted benzenoids
Q6669311-298,CHEMONTID:0004646,1-hydroxy-2-unsubstituted benzenoids
Q6669311-298,CHEMONTID:0003889,Vinylogous acids
Q6669311-298,CHEMONTID:0001238,Carboxylic acid esters
Q6669311-298,CHEMONTID:0001137,Monocarboxylic acids and derivatives
Q6669311-298,CHEMONTID:0000323,Organooxygen compounds
Q6669311-298,CHEMONTID:0003940,Organic oxides
Q6669311-298,CHEMONTID:0004150,Hydrocarbon derivatives
Q6669311-299,CHEMONTID:0000369,Diphenylmethanes
Q6669311-299,CHEMONTID:0002772,P-chlorophenols
Q6669311-299,CHEMONTID:0001099,Chlorobenzenes
Q6669311-299,CHEMONTID:0004646,1-hydroxy-2-unsubstituted benzenoids
Q6669311-299,CHEMONTID:0001030,Aryl chlorides
Q6669311-299,CHEMONTID:0000323,Organooxygen compounds
Q6669311-299,CHEMONTID:0001516,Organochlorides
Q6669311-299,CHEMONTID:0004150,Hydrocarbon derivatives
Q6669311-300,CHEMONTID:0003956,"3,3'-disubstituted benzidines"
Q6669311-300,CHEMONTID:0003030,Polychlorinated biphenyls
Q6669311-300,CHEMONTID:0000284,Aniline and substituted anilines
Q6669311-300,CHEMONTID:0001099,Chlorobenzenes
Q6669311-300,CHEMONTID:0001030,Aryl chlorides
Q6669311-300,CHEMONTID:0002450,Primary amines
Q6669311-300,CHEMONTID:0004557,Organopnictogen compounds
Q6669311-300,CHEMONTID:0001516,Organochlorides
Q6669311-300,CHEMONTID:0004150,Hydrocarbon derivatives
Q6669311-301,CHEMONTID:0000041,Biphenyls and derivatives
Q6669311-301,CHEMONTID:0004477,Aromatic hydrocarbons
Q6669311-301,CHEMONTID:0004475,Unsaturated hydrocarbons
Q6669311-302,CHEMONTID:0000041,Biphenyls and derivatives
Q6669311-302,CHEMONTID:0004647,1-hydroxy-4-unsubstituted benzenoids
Q6669311-302,CHEMONTID:0004646,1-hydroxy-2-unsubstituted benzenoids
Q6669311-302,CHEMONTID:0000323,Organooxygen compounds
Q6669311-302,CHEMONTID:0004150,Hydrocarbon derivatives
Q6669311-303,CHEMONTID:0004152,Methylpyridines
Q6669311-303,CHEMONTID:0004144,Heteroaromatic compounds
Q6669311-303,CHEMONTID:0004139,Azacyclic compounds
Q6669311-303,CHEMONTID:0004557,Organopnictogen compounds
Q6669311-303,CHEMONTID:0000278,Organonitrogen compounds
Q6669311-303,CHEMONTID:0004150,Hydrocarbon derivatives
Q6669311-304,CHEMONTID:0004152,Methylpyridines
Q6669311-304,CHEMONTID:0004144,Heteroaromatic compounds
Q6669311-304,CHEMONTID:0004139,Azacyclic compounds
Q6669311-304,CHEMONTID:0004557,Organopnictogen compounds
Q6669311-304,CHEMONTID:0000278,Organonitrogen compounds
Q6669311-304,CHEMONTID:0004150,Hydrocarbon derivatives
Q6669311-305,CHEMONTID:0004152,Methylpyridines
Q6669311-305,CHEMONTID:0004144,Heteroaromatic compounds
Q6669311-305,CHEMONTID:0004139,Azacyclic compounds
Q6669311-305,CHEMONTID:0004557,Organopnictogen compounds
Q6669311-305,CHEMONTID:0000278,Organonitrogen compounds
Q6669311-305,CHEMONTID:0004150,Hydrocarbon derivatives
Q6669311-306,CHEMONTID:0000089,Pyridines and derivatives
Q6669311-306,CHEMONTID:0004144,Heteroaromatic compounds
Q6669311-306,CHEMONTID:0000362,Nitriles
Q6669311-306,CHEMONTID:0004139,Azacyclic compounds
Q6669311-306,CHEMONTID:0004557,Organopnictogen compounds
Q6669311-306,CHEMONTID:0004150,Hydrocarbon derivatives
Q6669311-307,CHEMONTID:0002212,Pyridine carboxaldehydes
Q6669311-307,CHEMONTID:0003213,Aryl-aldehydes
Q6669311-307,CHEMONTID:0004144,Heteroaromatic compounds
Q6669311-307,CHEMONTID:0004139,Azacyclic compounds
Q6669311-307,CHEMONTID:0004557,Organopnictogen compounds
Q6669311-307,CHEMONTID:0000278,Organonitrogen compounds
Q6669311-307,CHEMONTID:0003940,Organic oxides
Q6669311-307,CHEMONTID:0004150,Hydrocarbon derivatives
Q6669311-308,CHEMONTID:0004152,Methylpyridines
Q6669311-308,CHEMONTID:0004144,Heteroaromatic compounds
Q6669311-308,CHEMONTID:0004139,Azacyclic compounds
Q6669311-308,CHEMONTID:0004557,Organopnictogen compounds
Q6669311-308,CHEMONTID:0000278,Organonitrogen compounds
Q6669311-308,CHEMONTID:0004150,Hydrocarbon derivatives
Q6669311-309,CHEMONTID:0003671,Aryl alkyl ketones
Q6669311-309,CHEMONTID:0000089,Pyridines and derivatives
Q6669311-309,CHEMONTID:0004144,Heteroaromatic compounds
Q6669311-309,CHEMONTID:0004139,Azacyclic compounds
Q6669311-309,CHEMONTID:0004557,Organopnictogen compounds
Q6669311-309,CHEMONTID:0000278,Organonitrogen compounds
Q6669311-309,CHEMONTID:0003940,Organic oxides
Q6669311-309,CHEMONTID:0004150,Hydrocarbon derivatives
Q6669311-310,CHEMONTID:0003901,Dialkylarylamines
Q6669311-310,CHEMONTID:0000283,Aminopyridines and derivatives
Q6669311-310,CHEMONTID:0003886,Imidolactams
Q6669311-310,CHEMONTID:0004144,Heteroaromatic compounds
Q6669311-310,CHEMONTID:0004139,Azacyclic compounds
Q6669311-310,CHEMONTID:0004557,Organopnictogen compounds
Q6669311-310,CHEMONTID:0004150,Hydrocarbon derivatives
Q6669311-311,CHEMONTID:0000089,Pyridines and derivatives
Q6669311-311,CHEMONTID:0004144,Heteroaromatic compounds
Q6669311-311,CHEMONTID:0004139,Azacyclic compounds
Q6669311-311,CHEMONTID:0004557,Organopnictogen compounds
Q6669311-311,CHEMONTID:0000278,Organonitrogen compounds
Q6669311-311,CHEMONTID:0004150,Hydrocarbon derivatives
Q6669311-312,CHEMONTID:0000089,Pyridines and derivatives
Q6669311-312,CHEMONTID:0004144,Heteroaromatic compounds
Q6669311-312,CHEMONTID:0004139,Azacyclic compounds
Q6669311-312,CHEMONTID:0000286,Primary alcohols
Q6669311-312,CHEMONTID:0004557,Organopnictogen compounds
Q6669311-312,CHEMONTID:0000278,Organonitrogen compounds
Q6669311-312,CHEMONTID:0004150,Hydrocarbon derivatives
Q6669311-313,CHEMONTID:0003971,Polyhalopyridines
Q6669311-313,CHEMONTID:0004532,2-halopyridines
Q6669311-313,CHEMONTID:0001030,Aryl chlorides
Q6669311-313,CHEMONTID:0004144,Heteroaromatic compounds
Q6669311-313,CHEMONTID:0004139,Azacyclic compounds
Q6669311-313,CHEMONTID:0004557,Organopnictogen compounds
Q6669311-313,CHEMONTID:0000278,Organonitrogen compounds
Q6669311-313,CHEMONTID:0001516,Organochlorides
Q6669311-313,CHEMONTID:0004150,Hydrocarbon derivatives
Q6669311-314,CHEMONTID:0002317,Phenylpyridines
Q6669311-314,CHEMONTID:0002279,Benzene and substituted derivatives
Q6669311-314,CHEMONTID:0004144,Heteroaromatic compounds
Q6669311-314,CHEMONTID:0004139,Azacyclic compounds
Q6669311-314,CHEMONTID:0004557,Organopnictogen compounds
Q6669311-314,CHEMONTID:0000278,Organonitrogen compounds
Q6669311-314,CHEMONTID:0004150,Hydrocarbon derivatives
Q6669311-315,CHEMONTID:0000023,Naphthalenes
Q6669311-315,CHEMONTID:0004477,Aromatic hydrocarbons
Q6669311-315,CHEMONTID:0004149,Polycyclic hydrocarbons
Q6669311-315,CHEMONTID:0004475,Unsaturated hydrocarbons
Q6669311-316,CHEMONTID:0002441,Naphthols and derivatives
Q6669311-316,CHEMONTID:0004647,1-hydroxy-4-unsubstituted benzenoids
Q6669311-316,CHEMONTID:0004646,1-hydroxy-2-unsubstituted benzenoids
Q6669311-316,CHEMONTID:0000323,Organooxygen compounds
Q6669311-316,CHEMONTID:0004150,Hydrocarbon derivatives
Q6669311-317,CHEMONTID:0002441,Naphthols and derivatives
Q6669311-317,CHEMONTID:0004646,1-hydroxy-2-unsubstituted benzenoids
Q6669311-317,CHEMONTID:0000323,Organooxygen compounds
Q6669311-317,CHEMONTID:0004150,Hydrocarbon derivatives
Q6669311-318,CHEMONTID:0000023,Naphthalenes
Q6669311-318,CHEMONTID:0004477,Aromatic hydrocarbons
Q6669311-318,CHEMONTID:0004149,Polycyclic hydrocarbons
Q6669311-318,CHEMONTID:0004475,Unsaturated hydrocarbons
Q6669311-319,CHEMONTID:0004794,Chloronaphthalenes
Q6669311-319,CHEMONTID:0001030,Aryl chlorides
Q6669311-319,CHEMONTID:0001516,Organochlorides
Q6669311-319,CHEMONTID:0004150,Hydrocarbon derivatives
Q6669311-320,CHEMONTID:0001253,Quinolines and derivatives
Q6669311-320,CHEMONTID:0000089,Pyridines and derivatives
Q6669311-320,CHEMONTID:0002448,Benzenoids
Q6669311-320,CHEMONTID:0004144,Heteroaromatic compounds
Q6669311-320,CHEMONTID:0004139,Azacyclic compounds
Q6669311-320,CHEMONTID:0004557,Organopnictogen compounds
Q6669311-320,CHEMONTID:0000278,Organonitrogen compounds
Q6669311-320,CHEMONTID:0004150,Hydrocarbon derivatives
Q6669311-321,CHEMONTID:0000274,Acridines
Q6669311-321,CHEMONTID:0000089,Pyridines and derivatives
Q6669311-321,CHEMONTID:0002448,Benzenoids
Q6669311-321,CHEMONTID:0004144,Heteroaromatic compounds
Q6669311-321,CHEMONTID:0004139,Azacyclic compounds
Q6669311-321,CHEMONTID:0004557,Organopnictogen compounds
Q6669311-321,CHEMONTID:0000278,Organonitrogen compounds
Q6669311-321,CHEMONTID:0004150,Hydrocarbon derivatives
Q6669311-322,CHEMONTID:0000207,Phthalazines
Q6669311-322,CHEMONTID:0000074,Pyridazines and derivatives
Q6669311-322,CHEMONTID:0002448,Benzenoids
Q6669311-322,CHEMONTID:0004144,Heteroaromatic compounds
Q6669311-322,CHEMONTID:0004139,Azacyclic compounds
Q6669311-322,CHEMONTID:0004557,Organopnictogen compounds
Q6669311-322,CHEMONTID:0000278,Organonitrogen compounds
Q6669311-322,CHEMONTID:0004150,Hydrocarbon derivatives
